ID,score
0,48.227413
1,57.54454
2,93.1513
3,76.208855
4,63.142143
5,52.80823
6,82.742226
7,64.76016
8,83.17085
9,76.55504
10,66.676414
11,56.70736
12,77.19861
13,60.52357
14,38.882362
15,77.00859
16,45.360092
17,64.003845
18,57.65919
19,63.20683
20,63.74143
21,60.29392
22,67.954735
23,65.983406
24,59.38428
25,62.87141
26,63.054775
27,76.24883
28,71.80535
29,62.676582
30,62.771843
31,72.532486
32,73.43064
33,58.73115
34,78.887924
35,55.668976
36,60.267746
37,70.282585
38,55.080883
39,82.14137
40,77.036026
41,52.617508
42,49.562603
43,69.860855
44,69.00306
45,61.25633
46,68.03585
47,66.043526
48,50.004677
49,52.063854
50,50.996677
51,57.640236
52,68.36652
53,67.33076
54,57.21653
55,66.97431
56,76.30857
57,55.171947
58,65.880516
59,58.798405
60,81.51611
61,38.519215
62,82.80584
63,80.851234
64,51.051468
65,72.948395
66,74.710526
67,60.854324
68,69.573685
69,70.431366
70,73.56776
71,66.60967
72,77.9573
73,82.90815
74,56.384205
75,61.93499
76,59.907066
77,64.917
78,53.95893
79,52.785393
80,58.47757
81,54.76577
82,71.25812
83,63.851116
84,46.42131
85,61.352943
86,66.203094
87,81.354996
88,57.28903
89,81.56935
90,56.91788
91,75.59694
92,77.12768
93,46.712677
94,75.51734
95,71.27617
96,56.057423
97,64.63919
98,58.87373
99,60.836224
100,69.47027
101,66.43899
102,79.854645
103,59.150146
104,62.395203
105,52.480503
106,39.1276
107,77.02678
108,54.825886
109,46.052704
110,63.094967
111,64.34379
112,59.35164
113,59.480957
114,66.62567
115,58.673367
116,61.529736
117,60.688732
118,76.88957
119,44.2847
120,49.30913
121,56.4557
122,61.442436
123,59.34309
124,56.839806
125,65.81983
126,69.60752
127,98.544205
128,71.089195
129,67.12468
130,51.712532
131,72.90936
132,67.69556
133,75.84824
134,41.98316
135,77.0314
136,56.025578
137,62.324947
138,99.667786
139,49.587692
140,60.006054
141,65.59826
142,79.96616
143,82.626945
144,39.168404
145,62.22664
146,81.549805
147,88.40886
148,75.35102
149,60.29574
150,61.5427
151,73.54627
152,48.25932
153,73.872215
154,67.03548
155,57.21496
156,61.075104
157,67.055046
158,85.83343
159,56.784046
160,77.15042
161,57.487232
162,90.24286
163,57.74715
164,65.06118
165,86.0537
166,57.372257
167,58.563507
168,30.51155
169,47.46081
170,75.396484
171,43.206043
172,58.423065
173,75.55243
174,64.89134
175,78.24671
176,55.031883
177,53.6069
178,99.50679
179,50.083714
180,69.555595
181,79.31114
182,62.76827
183,72.991005
184,59.244568
185,52.13697
186,48.684074
187,71.13378
188,65.607025
189,65.14042
190,65.67455
191,42.419807
192,88.173416
193,58.52544
194,60.431522
195,37.145496
196,51.63192
197,74.254776
198,72.90882
199,73.36347
200,62.631214
201,61.655113
202,81.1055
203,84.32634
204,68.06245
205,42.824635
206,86.60704
207,47.386887
208,79.19102
209,71.650856
210,65.10994
211,75.79881
212,60.43127
213,64.31771
214,69.86935
215,56.46047
216,50.933975
217,55.917507
218,64.815544
219,82.46823
220,46.11825
221,65.64589
222,54.85026
223,74.447
224,68.98641
225,58.167297
226,72.34739
227,56.650402
228,75.63467
229,68.29236
230,73.266235
231,44.622925
232,87.07425
233,79.82545
234,87.09665
235,71.97255
236,76.425446
237,64.34823
238,50.687405
239,71.63286
240,39.130806
241,77.84137
242,46.39972
243,69.34528
244,76.988205
245,55.616093
246,64.23585
247,58.95779
248,60.002148
249,62.369953
250,88.88564
251,62.81387
252,58.85162
253,82.850204
254,59.86893
255,57.128155
256,69.28907
257,63.508316
258,64.90936
259,54.176033
260,63.215603
261,48.030956
262,77.70355
263,78.36267
264,61.78007
265,37.774654
266,45.68941
267,63.536198
268,57.268932
269,45.76059
270,46.967598
271,56.242245
272,40.639732
273,58.52436
274,71.89334
275,53.018784
276,70.83044
277,67.55913
278,47.883602
279,66.16377
280,55.285583
281,66.142944
282,67.41253
283,50.931946
284,71.62444
285,48.430767
286,54.623905
287,75.215164
288,53.95231
289,61.18616
290,74.754585
291,79.06023
292,73.861824
293,51.48293
294,74.837166
295,68.40256
296,72.367004
297,81.78552
298,69.85023
299,43.141438
300,53.222664
301,56.210224
302,63.589092
303,73.18825
304,72.97315
305,66.33481
306,57.072617
307,46.764683
308,43.586636
309,80.29314
310,59.955784
311,54.618355
312,53.814743
313,62.26505
314,49.40154
315,57.84943
316,71.513115
317,64.28708
318,69.41037
319,56.5488
320,67.463196
321,69.58926
322,74.757286
323,57.741615
324,80.11751
325,72.0638
326,62.53679
327,65.50882
328,64.57912
329,71.34836
330,87.7575
331,65.18152
332,53.908176
333,52.297832
334,66.241486
335,77.33334
336,41.516212
337,48.57369
338,58.264393
339,59.73101
340,79.58573
341,71.50987
342,63.69729
343,70.78174
344,44.58601
345,55.448624
346,53.095722
347,38.235477
348,56.95017
349,69.4794
350,67.29133
351,72.23343
352,46.76627
353,58.069992
354,42.58326
355,57.47138
356,64.97895
357,61.954605
358,42.674164
359,70.447495
360,81.85021
361,70.956505
362,58.637066
363,57.851532
364,71.01641
365,80.61938
366,69.20014
367,69.26548
368,63.97287
369,69.90676
370,72.42224
371,60.813953
372,68.565445
373,66.588104
374,60.6073
375,67.42774
376,54.425453
377,59.10613
378,70.939766
379,72.69027
380,64.47755
381,46.45574
382,53.36055
383,75.147224
384,72.004486
385,72.61959
386,67.96234
387,87.45566
388,73.32827
389,46.94849
390,63.063755
391,70.78789
392,81.10837
393,76.48788
394,74.8134
395,54.090565
396,55.843113
397,65.66447
398,62.13466
399,58.19769
400,65.999725
401,59.625614
402,66.888824
403,55.41558
404,79.77094
405,52.20966
406,76.394196
407,80.86631
408,55.24784
409,45.891953
410,69.48504
411,57.823273
412,48.139835
413,39.27777
414,67.89472
415,42.23266
416,62.15422
417,42.634422
418,70.237045
419,71.45639
420,68.00943
421,68.7785
422,55.209854
423,72.82477
424,56.34663
425,58.77603
426,80.547585
427,58.450092
428,77.579346
429,82.43622
430,52.089523
431,38.04311
432,69.61958
433,62.46252
434,44.472977
435,55.626125
436,75.062416
437,74.8128
438,78.63869
439,52.239517
440,48.479023
441,72.7203
442,87.70473
443,66.11523
444,52.26373
445,51.488148
446,81.6037
447,68.11662
448,69.813965
449,69.96351
450,58.507095
451,46.081078
452,82.0085
453,56.551178
454,57.745388
455,60.004234
456,58.337746
457,77.34874
458,79.94956
459,74.16485
460,69.55362
461,54.366123
462,50.48093
463,59.40289
464,69.44413
465,66.75853
466,62.173943
467,62.602592
468,38.74179
469,55.82216
470,61.37582
471,60.904472
472,79.413864
473,87.825195
474,52.42391
475,66.896164
476,82.25464
477,69.396935
478,55.486465
479,52.013916
480,66.63409
481,71.62934
482,58.5347
483,55.09464
484,84.99273
485,53.76565
486,54.9476
487,69.56583
488,37.09043
489,59.54399
490,60.12477
491,71.26627
492,68.32781
493,64.18128
494,76.97396
495,59.22427
496,83.388916
497,60.479084
498,47.839508
499,42.412025
500,63.777233
501,73.311386
502,54.51073
503,54.21802
504,39.38987
505,73.69884
506,82.991646
507,65.924324
508,53.698235
509,60.781017
510,67.33632
511,69.919815
512,73.927246
513,59.238907
514,57.619083
515,64.7097
516,75.376175
517,64.42575
518,58.22061
519,74.35
520,69.05338
521,69.77427
522,75.91697
523,52.807556
524,53.67045
525,69.038086
526,50.38201
527,33.924488
528,64.1607
529,85.006676
530,81.936516
531,71.63023
532,56.634693
533,63.552864
534,89.262405
535,66.14022
536,70.33352
537,61.519646
538,81.033775
539,76.07315
540,57.264126
541,69.46447
542,70.86918
543,46.76872
544,73.531906
545,45.927776
546,48.525723
547,56.333355
548,68.737526
549,61.102898
550,82.024506
551,49.33153
552,52.87878
553,54.73852
554,56.699806
555,45.049202
556,58.36296
557,41.02033
558,62.58181
559,45.754673
560,71.139404
561,62.0975
562,52.61491
563,59.399185
564,66.05796
565,53.057983
566,63.770264
567,53.303856
568,72.2035
569,71.66374
570,63.370228
571,65.52414
572,67.53441
573,90.19418
574,61.479855
575,70.98394
576,53.665985
577,58.97708
578,58.866993
579,61.643406
580,80.99717
581,56.695927
582,61.765415
583,45.853535
584,73.08233
585,56.313656
586,48.810215
587,52.353207
588,68.06928
589,56.298294
590,58.46074
591,51.47313
592,46.791054
593,71.27367
594,60.046677
595,72.041336
596,57.916477
597,71.76616
598,83.53984
599,78.43816
600,69.25198
601,41.202057
602,47.09509
603,71.093506
604,80.08705
605,48.437527
606,59.380157
607,45.10449
608,54.814472
609,54.37153
610,70.98853
611,57.871525
612,63.88716
613,76.017494
614,65.32012
615,51.89218
616,52.357113
617,78.24372
618,63.00971
619,74.88553
620,65.652534
621,81.248245
622,46.327885
623,48.817013
624,69.58781
625,61.80318
626,60.320255
627,61.132
628,80.5032
629,56.817017
630,65.57604
631,63.468166
632,66.06294
633,48.451
634,63.901966
635,66.24726
636,80.72156
637,46.84109
638,67.85867
639,67.14686
640,57.75864
641,65.32971
642,47.325306
643,42.298805
644,58.729885
645,42.639145
646,80.01192
647,58.66182
648,74.87065
649,74.95616
650,51.330032
651,81.521355
652,66.35951
653,74.28533
654,61.537457
655,89.48348
656,71.408615
657,49.348484
658,44.927444
659,78.78271
660,55.647785
661,60.995926
662,60.805237
663,67.17104
664,48.322536
665,75.10245
666,60.78823
667,54.899433
668,65.06463
669,78.45874
670,78.90807
671,60.67214
672,80.110535
673,61.95994
674,67.43688
675,65.65284
676,87.74377
677,65.31835
678,69.90001
679,76.37833
680,54.826572
681,77.801476
682,53.178413
683,40.614845
684,49.28402
685,59.07278
686,97.64204
687,65.17697
688,53.97919
689,75.298615
690,51.25221
691,55.37493
692,59.03864
693,74.01016
694,72.971855
695,72.58407
696,64.06858
697,45.453365
698,54.34114
699,49.708927
700,58.98794
701,52.273945
702,62.370586
703,57.255707
704,54.092113
705,84.93921
706,87.51044
707,74.656456
708,55.777412
709,64.41604
710,43.24681
711,42.514412
712,60.724495
713,72.37935
714,67.613464
715,66.15413
716,74.489586
717,48.38432
718,56.800312
719,57.915318
720,54.741108
721,75.56503
722,62.605827
723,55.76805
724,53.96406
725,60.524845
726,62.315937
727,74.52508
728,64.880936
729,63.422443
730,44.431072
731,53.382496
732,82.74586
733,62.38094
734,59.571888
735,45.633526
736,63.56348
737,46.553806
738,77.92546
739,77.21345
740,76.51186
741,70.37104
742,86.5296
743,75.93554
744,49.985634
745,63.37075
746,58.53084
747,46.10732
748,71.17028
749,63.82529
750,73.77098
751,79.127426
752,84.25324
753,47.693867
754,65.8086
755,56.695457
756,50.12218
757,68.18692
758,61.638428
759,48.4651
760,72.993744
761,69.66219
762,64.84402
763,64.35599
764,35.130672
765,76.00538
766,65.38203
767,70.30058
768,52.31105
769,89.80358
770,74.01773
771,86.16328
772,79.60919
773,62.891525
774,53.575565
775,54.338646
776,61.77919
777,61.829536
778,55.461952
779,50.04153
780,57.201557
781,55.54082
782,56.766556
783,68.86581
784,58.919994
785,62.302235
786,74.30039
787,66.55592
788,52.946064
789,58.34424
790,65.506195
791,45.83313
792,77.58155
793,54.44685
794,54.150814
795,65.21076
796,71.17003
797,57.306488
798,66.53171
799,49.558983
800,56.43036
801,62.096092
802,66.710686
803,75.51389
804,45.959805
805,71.44729
806,56.52931
807,74.550415
808,75.33008
809,60.079865
810,96.383026
811,70.555466
812,72.94594
813,63.326363
814,58.99017
815,67.764984
816,89.19538
817,70.20196
818,67.96861
819,48.599815
820,71.33726
821,63.88073
822,65.38408
823,80.13554
824,69.25879
825,58.495056
826,51.00838
827,44.859676
828,83.24729
829,77.575096
830,58.41253
831,63.844814
832,76.84557
833,60.129276
834,90.23645
835,65.682724
836,71.516556
837,52.797215
838,50.44778
839,49.466114
840,43.50267
841,64.40221
842,53.293846
843,69.04515
844,86.12845
845,34.230747
846,57.862343
847,59.005474
848,85.02565
849,50.95576
850,76.683304
851,49.064278
852,68.07191
853,74.47659
854,55.844883
855,64.89089
856,72.47156
857,51.45264
858,70.530846
859,66.83973
860,63.489807
861,48.85174
862,55.32454
863,55.881523
864,45.42756
865,78.24553
866,44.053967
867,64.79272
868,81.042274
869,59.003014
870,74.13037
871,58.890224
872,59.056362
873,63.2052
874,57.2598
875,42.92913
876,57.967545
877,90.65564
878,76.22318
879,68.46871
880,76.931816
881,75.70392
882,58.604782
883,61.041267
884,62.018265
885,63.750175
886,84.35899
887,90.018906
888,82.939125
889,61.780167
890,56.956703
891,47.731964
892,86.125046
893,75.90017
894,49.150063
895,57.655704
896,48.517868
897,54.34417
898,69.769066
899,61.12242
900,68.67166
901,44.83214
902,78.47213
903,44.867382
904,53.5475
905,68.83542
906,67.42797
907,56.87261
908,60.257244
909,67.1736
910,59.10937
911,45.329712
912,75.6305
913,100.5676
914,63.195705
915,73.35701
916,47.811684
917,74.591194
918,64.81602
919,38.31377
920,52.4937
921,69.95408
922,64.83175
923,65.87506
924,49.44776
925,68.9234
926,53.03126
927,45.877678
928,44.84243
929,59.23454
930,73.63295
931,59.006355
932,61.98342
933,61.003925
934,47.375187
935,71.46563
936,59.90295
937,79.525856
938,50.88616
939,46.27704
940,67.82087
941,56.721138
942,57.253506
943,52.369816
944,57.91891
945,45.817154
946,70.50407
947,74.2897
948,53.03897
949,65.09385
950,60.670467
951,74.396255
952,79.25803
953,56.875256
954,66.15615
955,60.429268
956,92.450554
957,55.07838
958,59.26951
959,60.932583
960,80.358086
961,48.042336
962,51.483734
963,70.20984
964,77.41531
965,53.41215
966,57.280537
967,60.668755
968,71.10198
969,62.145046
970,68.34851
971,62.632057
972,77.18321
973,58.194542
974,67.827644
975,80.11448
976,80.15932
977,52.39896
978,69.56847
979,66.05447
980,72.51198
981,50.37566
982,62.33096
983,67.12593
984,62.69118
985,75.29212
986,67.656006
987,51.512756
988,49.244312
989,71.808754
990,66.5493
991,70.46894
992,52.59014
993,69.97098
994,58.932625
995,54.995728
996,59.444378
997,53.66614
998,48.673553
999,73.638336
1000,58.504913
1001,58.36749
1002,49.717987
1003,55.04656
1004,76.69621
1005,83.87879
1006,79.15212
1007,87.42705
1008,39.2635
1009,59.969208
1010,79.26856
1011,60.689487
1012,47.39176
1013,71.555115
1014,58.521976
1015,76.940186
1016,87.64786
1017,61.831684
1018,79.49661
1019,55.98361
1020,72.0153
1021,62.70281
1022,47.229794
1023,67.24698
1024,64.69611
1025,49.390293
1026,53.824425
1027,67.46403
1028,56.427475
1029,54.95261
1030,75.45338
1031,72.791756
1032,62.864445
1033,63.370968
1034,67.42571
1035,45.000294
1036,68.460236
1037,73.4983
1038,63.386013
1039,68.61387
1040,63.373264
1041,58.690727
1042,69.30924
1043,52.674877
1044,65.856895
1045,83.47629
1046,54.625484
1047,66.381485
1048,78.84054
1049,39.233067
1050,68.03627
1051,60.69426
1052,81.257126
1053,64.2295
1054,56.9369
1055,99.515686
1056,74.334526
1057,54.050705
1058,46.33158
1059,73.80653
1060,69.51558
1061,59.702847
1062,55.092354
1063,48.528896
1064,56.36718
1065,59.373646
1066,80.60245
1067,74.702324
1068,61.295097
1069,38.50673
1070,64.11357
1071,56.767735
1072,78.63844
1073,58.25972
1074,72.87412
1075,65.27326
1076,60.39113
1077,62.457462
1078,61.75599
1079,74.97689
1080,63.863728
1081,88.19364
1082,59.01555
1083,52.876904
1084,54.0038
1085,69.30237
1086,69.051765
1087,41.442467
1088,51.727814
1089,73.739586
1090,56.839577
1091,51.57928
1092,75.7121
1093,64.40158
1094,61.103027
1095,60.14539
1096,47.34982
1097,53.618557
1098,56.063343
1099,89.537254
1100,97.80053
1101,74.770874
1102,70.81823
1103,57.29784
1104,60.175674
1105,62.395927
1106,53.496346
1107,66.914536
1108,63.676716
1109,66.170815
1110,64.81992
1111,65.44389
1112,81.26762
1113,88.72251
1114,39.72975
1115,56.01582
1116,66.496666
1117,68.53031
1118,54.63586
1119,48.541035
1120,70.221794
1121,76.60946
1122,75.61687
1123,69.53356
1124,48.75444
1125,55.471638
1126,68.42961
1127,71.46094
1128,77.94813
1129,62.215336
1130,55.49159
1131,82.269104
1132,81.376114
1133,63.674244
1134,61.862633
1135,56.577824
1136,65.49355
1137,64.038246
1138,65.45987
1139,88.34132
1140,54.742672
1141,83.27213
1142,55.08586
1143,52.98577
1144,63.50848
1145,79.47963
1146,52.424007
1147,61.104374
1148,70.405106
1149,71.46823
1150,59.232502
1151,54.288628
1152,59.91823
1153,58.886616
1154,52.79257
1155,67.274605
1156,62.04744
1157,49.933773
1158,58.988674
1159,43.959797
1160,68.7542
1161,51.231823
1162,44.032986
1163,46.239822
1164,51.558582
1165,67.173775
1166,60.405075
1167,67.331375
1168,52.47363
1169,67.524864
1170,67.00535
1171,73.62609
1172,66.04927
1173,64.578476
1174,45.32562
1175,71.40557
1176,69.18763
1177,83.37411
1178,65.2049
1179,61.044346
1180,54.751816
1181,44.748825
1182,73.03744
1183,53.936947
1184,50.63019
1185,62.78253
1186,70.73629
1187,74.778534
1188,62.78094
1189,60.96741
1190,58.749638
1191,79.21754
1192,38.267426
1193,56.892673
1194,80.557976
1195,61.290203
1196,58.742443
1197,57.074356
1198,46.264534
1199,61.772404
1200,64.23271
1201,63.123493
1202,75.297104
1203,52.13104
1204,46.228115
1205,41.61543
1206,75.47629
1207,60.7082
1208,60.10957
1209,69.25038
1210,74.91408
1211,75.107765
1212,80.11099
1213,54.05356
1214,61.804665
1215,58.7005
1216,58.238598
1217,64.61186
1218,77.33889
1219,62.299217
1220,84.616066
1221,72.57042
1222,68.66524
1223,69.52778
1224,76.71341
1225,60.483566
1226,62.189674
1227,75.69437
1228,77.276474
1229,74.86638
1230,77.68342
1231,57.226795
1232,78.95919
1233,69.832115
1234,58.559376
1235,82.32923
1236,51.162506
1237,72.724434
1238,64.65174
1239,66.72617
1240,81.72419
1241,78.75605
1242,58.433643
1243,60.82463
1244,79.83122
1245,84.94288
1246,71.62131
1247,45.04308
1248,80.170204
1249,54.262634
1250,48.10678
1251,61.495407
1252,52.099464
1253,54.926506
1254,54.445045
1255,61.11606
1256,71.40694
1257,63.038498
1258,63.920467
1259,69.28147
1260,62.62117
1261,54.55276
1262,40.08295
1263,60.949436
1264,69.56438
1265,49.203613
1266,41.69709
1267,61.34068
1268,60.68681
1269,61.553997
1270,54.083477
1271,68.307915
1272,66.842354
1273,72.61531
1274,55.95773
1275,55.155388
1276,52.337635
1277,60.043915
1278,79.482445
1279,81.2897
1280,67.4006
1281,56.888966
1282,67.31189
1283,57.696358
1284,64.89703
1285,71.89113
1286,50.820446
1287,67.311935
1288,56.42734
1289,69.247856
1290,52.08025
1291,61.661163
1292,68.55113
1293,47.435566
1294,65.64124
1295,43.103054
1296,82.21748
1297,54.141533
1298,58.01696
1299,58.99765
1300,53.96326
1301,87.90209
1302,71.9669
1303,71.218094
1304,65.91528
1305,38.08696
1306,64.97312
1307,66.65965
1308,83.2099
1309,53.848633
1310,42.276512
1311,95.91105
1312,77.126305
1313,53.384026
1314,66.37346
1315,45.522182
1316,63.781864
1317,70.81326
1318,79.61229
1319,78.98552
1320,52.891018
1321,67.614006
1322,54.256447
1323,54.263477
1324,76.89505
1325,54.871567
1326,54.211433
1327,59.950886
1328,64.79368
1329,76.49035
1330,82.53928
1331,65.50874
1332,85.710594
1333,78.03138
1334,59.78814
1335,60.5062
1336,52.45952
1337,54.133728
1338,63.589664
1339,46.501656
1340,73.15837
1341,51.44767
1342,84.409294
1343,71.46893
1344,73.94995
1345,84.361465
1346,59.071823
1347,53.30437
1348,42.61328
1349,70.62277
1350,70.29663
1351,59.334946
1352,83.30094
1353,55.514908
1354,77.61302
1355,71.31196
1356,79.77113
1357,72.975174
1358,57.053734
1359,35.136345
1360,63.93146
1361,47.40987
1362,53.32935
1363,56.006485
1364,59.18003
1365,78.08694
1366,67.80693
1367,88.84346
1368,61.192135
1369,61.936016
1370,81.55959
1371,81.49412
1372,73.206955
1373,75.65997
1374,72.48144
1375,58.211075
1376,67.24298
1377,71.19612
1378,67.01876
1379,34.051426
1380,68.89681
1381,71.905815
1382,62.558445
1383,77.25264
1384,65.85384
1385,56.78494
1386,57.518536
1387,69.63147
1388,73.60561
1389,49.88712
1390,72.280876
1391,57.21265
1392,59.377377
1393,51.62246
1394,58.84151
1395,65.1168
1396,61.96297
1397,78.38152
1398,72.40342
1399,63.36753
1400,40.89229
1401,80.26323
1402,83.43323
1403,60.02603
1404,58.305103
1405,57.20606
1406,75.50633
1407,53.631496
1408,55.045532
1409,61.970486
1410,51.60071
1411,52.10488
1412,71.92999
1413,61.2536
1414,73.43012
1415,59.004406
1416,44.51307
1417,73.37456
1418,84.9777
1419,47.468533
1420,64.37424
1421,66.27144
1422,53.864086
1423,68.32618
1424,66.69064
1425,69.44213
1426,68.710464
1427,77.38624
1428,59.601288
1429,40.602257
1430,86.18463
1431,58.386284
1432,65.25893
1433,77.96485
1434,43.224113
1435,47.056335
1436,71.6605
1437,64.865685
1438,76.17006
1439,56.190926
1440,78.12314
1441,86.92261
1442,49.835953
1443,73.388016
1444,79.865364
1445,61.468433
1446,79.531784
1447,75.33435
1448,57.89418
1449,70.53979
1450,51.646446
1451,75.63231
1452,64.00901
1453,65.645386
1454,54.612335
1455,47.39064
1456,54.28947
1457,56.49675
1458,85.20372
1459,49.22591
1460,66.05718
1461,44.074966
1462,51.76417
1463,61.192852
1464,78.555176
1465,51.817417
1466,67.26
1467,49.154144
1468,63.668934
1469,86.28485
1470,76.36677
1471,50.35501
1472,73.903656
1473,54.18782
1474,65.697754
1475,49.489872
1476,68.64894
1477,57.944668
1478,66.91332
1479,53.176258
1480,55.59776
1481,46.343483
1482,69.01295
1483,68.03276
1484,59.60824
1485,62.534676
1486,75.39971
1487,66.33202
1488,46.432
1489,58.31692
1490,68.59369
1491,71.87441
1492,63.425083
1493,59.822826
1494,70.33913
1495,81.383415
1496,69.75245
1497,49.55948
1498,83.48852
1499,61.743332
1500,75.00249
1501,81.80954
1502,72.57441
1503,47.618053
1504,55.16932
1505,68.344376
1506,67.45786
1507,65.29076
1508,45.30437
1509,76.45899
1510,83.6236
1511,47.578003
1512,51.86465
1513,52.079914
1514,58.00626
1515,75.214005
1516,85.608826
1517,58.53815
1518,43.897568
1519,73.39209
1520,37.704464
1521,55.49745
1522,56.70115
1523,74.96633
1524,64.60994
1525,73.033615
1526,72.58516
1527,44.70654
1528,69.60287
1529,58.683613
1530,53.94678
1531,45.93436
1532,67.380424
1533,73.78056
1534,62.353027
1535,61.8972
1536,73.58985
1537,58.647404
1538,58.962967
1539,55.570236
1540,85.6146
1541,61.747673
1542,100.01971
1543,91.37926
1544,52.571335
1545,66.03477
1546,67.60504
1547,73.70698
1548,61.793133
1549,79.50767
1550,51.821407
1551,71.8606
1552,49.59734
1553,48.02699
1554,78.134384
1555,59.429646
1556,59.6544
1557,77.09405
1558,66.67857
1559,72.96041
1560,65.561424
1561,60.298267
1562,71.93692
1563,52.107502
1564,64.391975
1565,50.60238
1566,56.465717
1567,65.873924
1568,69.25027
1569,51.28054
1570,77.72182
1571,71.98252
1572,76.46525
1573,56.38545
1574,60.411423
1575,53.501186
1576,52.069077
1577,64.08733
1578,49.494457
1579,43.605316
1580,72.33063
1581,79.57289
1582,78.504364
1583,63.8291
1584,71.73558
1585,43.622112
1586,61.47157
1587,74.15151
1588,67.81166
1589,49.891747
1590,52.85833
1591,39.782894
1592,82.33444
1593,42.370125
1594,52.70123
1595,62.13808
1596,69.313126
1597,53.550377
1598,57.721306
1599,53.04994
1600,60.017204
1601,78.716606
1602,89.38709
1603,69.945915
1604,57.662598
1605,59.973354
1606,56.895313
1607,27.328716
1608,72.30053
1609,57.74933
1610,73.76219
1611,61.725925
1612,62.19352
1613,33.756767
1614,65.8946
1615,54.371822
1616,67.22539
1617,47.579
1618,68.71306
1619,54.630516
1620,55.866703
1621,63.965275
1622,66.21162
1623,70.10357
1624,92.5463
1625,56.454865
1626,66.45892
1627,48.537376
1628,54.45063
1629,84.0177
1630,65.709465
1631,75.198814
1632,64.31555
1633,45.342125
1634,40.70374
1635,50.464966
1636,87.058846
1637,55.78017
1638,63.801918
1639,68.25259
1640,95.15008
1641,75.326164
1642,56.619453
1643,83.61212
1644,54.93622
1645,48.61972
1646,90.48881
1647,62.005585
1648,59.768368
1649,59.680634
1650,50.944946
1651,77.536385
1652,82.73768
1653,67.4673
1654,66.01869
1655,63.48015
1656,41.667744
1657,54.338108
1658,66.60522
1659,57.89616
1660,58.93891
1661,55.080784
1662,80.30639
1663,79.61639
1664,66.01603
1665,88.02001
1666,57.755642
1667,78.331215
1668,53.85644
1669,61.378242
1670,63.12732
1671,59.060734
1672,51.72186
1673,60.40906
1674,59.328377
1675,69.402954
1676,39.02231
1677,73.54741
1678,77.69973
1679,95.329865
1680,68.66822
1681,54.632416
1682,70.74367
1683,73.40264
1684,60.638435
1685,62.407047
1686,57.226093
1687,52.632713
1688,82.27995
1689,48.808704
1690,54.513397
1691,56.664772
1692,69.88016
1693,57.102196
1694,98.96359
1695,66.869514
1696,65.78806
1697,57.43783
1698,59.21872
1699,68.47094
1700,66.71632
1701,51.147655
1702,75.40103
1703,84.65036
1704,57.336037
1705,78.94997
1706,53.259415
1707,68.76381
1708,67.06376
1709,51.686295
1710,65.14444
1711,50.22595
1712,66.0879
1713,57.065174
1714,53.787125
1715,75.85574
1716,62.37868
1717,72.05472
1718,48.81905
1719,64.72923
1720,90.57692
1721,63.725643
1722,78.95376
1723,90.483864
1724,69.675514
1725,94.67328
1726,67.32099
1727,46.460255
1728,65.83744
1729,60.464367
1730,72.11869
1731,67.36309
1732,53.184017
1733,54.326694
1734,48.479233
1735,78.277534
1736,67.18233
1737,80.025734
1738,76.84784
1739,65.74297
1740,58.022926
1741,46.550743
1742,48.042507
1743,55.873985
1744,79.790855
1745,56.23383
1746,45.486927
1747,76.56857
1748,56.161266
1749,61.69401
1750,70.9451
1751,49.17578
1752,70.081055
1753,53.3446
1754,65.36565
1755,55.188652
1756,81.53885
1757,69.63988
1758,51.876842
1759,64.583824
1760,66.65929
1761,62.419193
1762,68.96001
1763,56.227325
1764,58.459595
1765,53.235363
1766,68.26177
1767,71.348236
1768,79.49969
1769,55.07522
1770,87.81462
1771,76.58741
1772,69.235504
1773,53.52873
1774,67.202
1775,51.82711
1776,78.06218
1777,68.86582
1778,71.51736
1779,59.54378
1780,68.10075
1781,49.773296
1782,65.71438
1783,65.16761
1784,83.61427
1785,87.40598
1786,72.81939
1787,58.957005
1788,51.726627
1789,71.00179
1790,69.0024
1791,58.567932
1792,51.873432
1793,67.45753
1794,72.427124
1795,59.104458
1796,66.86335
1797,85.82632
1798,52.164207
1799,54.86758
1800,68.171814
1801,40.31673
1802,63.54702
1803,67.95036
1804,49.32559
1805,64.3584
1806,82.912926
1807,56.460056
1808,71.07514
1809,50.948154
1810,55.88319
1811,56.849873
1812,50.957363
1813,77.13397
1814,76.54035
1815,50.795567
1816,87.29571
1817,65.46528
1818,67.938866
1819,59.49714
1820,65.843864
1821,62.842175
1822,47.206028
1823,64.98659
1824,76.2831
1825,58.3244
1826,61.79562
1827,53.2085
1828,88.30528
1829,64.016624
1830,73.38497
1831,53.308323
1832,73.19519
1833,58.15638
1834,61.35107
1835,47.82742
1836,83.61141
1837,70.530525
1838,59.056072
1839,59.58713
1840,75.447
1841,78.0568
1842,63.302193
1843,81.44986
1844,59.47991
1845,60.92035
1846,77.026306
1847,75.21429
1848,59.888496
1849,39.21849
1850,68.931206
1851,47.455727
1852,60.302593
1853,69.07894
1854,66.23777
1855,50.28049
1856,76.503525
1857,76.60214
1858,70.30088
1859,61.95105
1860,47.45489
1861,78.28594
1862,53.870472
1863,83.82337
1864,45.29547
1865,74.962616
1866,63.007294
1867,76.66275
1868,81.961395
1869,59.570526
1870,51.511383
1871,65.34611
1872,80.31712
1873,53.193325
1874,50.735252
1875,61.512516
1876,77.81345
1877,72.66757
1878,75.89889
1879,93.745705
1880,74.45164
1881,39.820107
1882,77.96527
1883,53.535244
1884,43.80092
1885,76.96336
1886,82.270676
1887,60.315754
1888,53.977596
1889,78.51215
1890,94.776085
1891,55.189964
1892,51.796326
1893,47.7816
1894,64.72834
1895,49.40712
1896,61.916553
1897,79.745575
1898,63.932804
1899,69.97905
1900,33.216682
1901,52.802277
1902,60.621593
1903,74.808304
1904,48.869816
1905,89.32765
1906,54.95731
1907,81.322136
1908,73.229904
1909,78.6698
1910,70.39143
1911,59.60875
1912,64.18236
1913,56.27615
1914,53.68819
1915,75.07126
1916,54.174217
1917,57.332256
1918,76.60893
1919,59.680138
1920,82.341545
1921,44.40138
1922,77.07281
1923,55.27023
1924,63.434425
1925,73.60475
1926,52.89151
1927,57.094444
1928,74.977684
1929,63.52276
1930,76.354836
1931,82.32083
1932,69.232956
1933,38.96683
1934,46.670856
1935,68.05792
1936,55.077694
1937,83.123634
1938,63.771328
1939,77.99208
1940,43.21468
1941,86.74829
1942,65.73878
1943,62.176426
1944,66.689995
1945,74.101395
1946,50.24257
1947,64.339035
1948,56.84841
1949,55.2313
1950,71.13421
1951,56.630604
1952,52.39237
1953,72.47837
1954,48.778343
1955,42.332874
1956,54.077328
1957,44.5535
1958,73.71024
1959,48.946556
1960,40.845226
1961,62.381508
1962,48.595436
1963,50.401768
1964,58.08408
1965,45.866238
1966,71.38575
1967,86.96321
1968,53.452732
1969,44.498505
1970,59.348625
1971,61.284046
1972,54.389576
1973,94.05783
1974,63.382164
1975,47.7116
1976,51.783722
1977,73.64226
1978,78.706406
1979,76.64598
1980,66.51112
1981,59.695633
1982,59.697613
1983,66.7035
1984,60.16002
1985,64.59135
1986,79.11324
1987,61.078968
1988,39.783382
1989,54.35409
1990,91.30934
1991,62.51249
1992,70.71815
1993,58.780384
1994,50.55696
1995,54.740875
1996,66.449165
1997,69.410355
1998,81.28444
1999,58.46406
2000,72.167366
2001,61.90633
2002,82.73425
2003,48.902287
2004,73.935196
2005,43.14599
2006,74.46919
2007,75.20292
2008,88.51196
2009,82.381836
2010,89.59399
2011,66.07544
2012,61.5329
2013,49.942387
2014,46.108047
2015,80.582726
2016,58.68265
2017,51.522797
2018,64.714775
2019,47.56309
2020,75.32413
2021,64.518974
2022,58.37197
2023,77.4836
2024,84.37375
2025,67.231995
2026,73.561386
2027,73.22383
2028,79.6698
2029,60.773663
2030,96.512184
2031,85.5478
2032,51.818226
2033,60.91836
2034,66.62706
2035,50.956802
2036,62.86037
2037,59.991856
2038,75.65569
2039,64.92872
2040,69.26243
2041,70.22248
2042,55.826344
2043,69.94836
2044,63.96486
2045,59.54005
2046,45.780582
2047,67.52616
2048,40.167145
2049,49.407196
2050,77.903145
2051,59.81895
2052,90.80048
2053,75.77439
2054,62.982826
2055,82.30494
2056,66.0099
2057,43.968685
2058,53.777596
2059,64.942795
2060,67.85351
2061,54.588646
2062,51.27568
2063,70.31411
2064,63.647194
2065,56.811443
2066,71.710014
2067,61.882427
2068,77.57659
2069,75.422226
2070,84.66604
2071,52.44068
2072,66.8541
2073,75.91907
2074,84.46669
2075,58.549572
2076,73.15601
2077,51.47254
2078,58.05766
2079,69.93579
2080,88.51316
2081,62.94793
2082,58.090004
2083,98.33543
2084,59.535538
2085,67.38391
2086,62.1018
2087,70.58617
2088,50.1433
2089,62.913174
2090,62.1485
2091,56.070503
2092,66.27602
2093,74.85383
2094,74.72377
2095,69.2773
2096,53.624146
2097,58.04779
2098,69.97539
2099,87.85437
2100,69.02181
2101,50.598404
2102,57.45325
2103,86.03261
2104,67.80648
2105,66.954185
2106,58.058693
2107,76.77927
2108,48.96571
2109,86.12308
2110,59.734024
2111,66.07656
2112,89.0494
2113,54.847263
2114,61.21775
2115,56.170235
2116,63.08611
2117,73.553024
2118,64.42434
2119,58.368046
2120,83.87472
2121,86.10428
2122,71.91161
2123,60.06014
2124,67.35057
2125,68.74864
2126,57.966026
2127,65.6979
2128,49.103996
2129,66.05319
2130,56.340137
2131,44.49199
2132,42.61417
2133,76.22244
2134,47.35139
2135,82.60265
2136,73.23775
2137,69.49155
2138,35.764404
2139,70.69927
2140,79.89386
2141,62.249672
2142,62.66438
2143,62.09404
2144,58.896942
2145,84.39265
2146,69.61827
2147,46.87544
2148,75.65739
2149,82.2232
2150,67.04049
2151,62.34954
2152,78.95103
2153,68.21278
2154,42.530903
2155,68.56316
2156,80.38491
2157,67.48324
2158,65.95808
2159,51.965084
2160,45.08539
2161,66.23323
2162,71.81753
2163,76.85818
2164,57.48443
2165,45.286015
2166,64.800446
2167,50.559437
2168,95.57648
2169,52.630444
2170,57.79224
2171,78.90149
2172,62.842762
2173,60.74458
2174,89.3574
2175,60.057396
2176,69.41996
2177,62.29702
2178,72.64568
2179,76.48561
2180,69.83988
2181,58.883846
2182,80.57141
2183,71.88667
2184,40.046913
2185,72.36161
2186,49.904114
2187,68.170006
2188,94.95215
2189,67.0355
2190,77.31858
2191,51.70921
2192,68.88454
2193,75.409485
2194,59.40119
2195,87.01988
2196,52.145927
2197,77.09547
2198,57.651684
2199,48.413044
2200,57.243614
2201,59.601463
2202,47.969364
2203,96.02085
2204,46.01544
2205,57.26081
2206,64.22204
2207,68.786705
2208,74.22279
2209,67.49218
2210,64.40814
2211,53.309963
2212,64.29266
2213,57.888096
2214,58.204422
2215,61.37776
2216,76.77645
2217,63.04985
2218,58.23619
2219,78.1122
2220,51.512623
2221,61.300568
2222,49.972202
2223,58.625153
2224,70.280136
2225,48.41875
2226,44.894787
2227,52.620243
2228,52.607018
2229,54.54285
2230,72.143486
2231,56.29456
2232,78.52823
2233,66.896126
2234,78.79732
2235,54.64325
2236,56.585587
2237,69.49301
2238,54.766243
2239,65.199486
2240,54.24814
2241,55.110275
2242,66.15862
2243,63.1339
2244,53.92502
2245,60.014664
2246,74.49422
2247,62.490837
2248,74.74643
2249,49.23603
2250,89.95996
2251,91.186455
2252,65.19427
2253,56.37126
2254,52.547176
2255,69.36284
2256,58.906124
2257,65.119125
2258,62.345737
2259,71.666565
2260,70.68586
2261,71.24247
2262,38.409966
2263,65.1917
2264,72.37395
2265,53.91713
2266,60.062214
2267,59.40828
2268,45.50607
2269,52.769653
2270,76.55209
2271,63.514893
2272,67.82196
2273,71.023125
2274,72.17419
2275,65.40271
2276,70.27755
2277,57.420525
2278,59.291405
2279,54.541042
2280,68.5993
2281,65.62032
2282,68.76487
2283,52.689266
2284,81.64651
2285,60.888676
2286,66.91265
2287,54.28637
2288,38.12995
2289,46.99175
2290,79.42097
2291,74.576515
2292,58.206787
2293,51.000744
2294,63.019684
2295,72.906494
2296,81.92904
2297,66.345406
2298,74.219124
2299,66.398315
2300,40.83894
2301,62.807545
2302,71.82113
2303,72.41333
2304,65.117485
2305,67.29073
2306,45.493664
2307,42.163982
2308,62.502148
2309,85.82868
2310,56.606846
2311,57.048622
2312,60.205524
2313,67.44156
2314,59.550373
2315,62.84072
2316,82.2717
2317,69.2951
2318,91.27353
2319,50.829655
2320,60.408142
2321,59.417454
2322,58.719604
2323,94.39325
2324,83.685165
2325,52.304066
2326,70.01038
2327,64.006905
2328,95.73582
2329,58.01642
2330,79.46747
2331,49.490665
2332,44.317516
2333,35.923565
2334,67.17529
2335,63.456425
2336,90.033554
2337,61.286995
2338,73.67041
2339,67.55132
2340,63.064922
2341,42.389866
2342,63.27833
2343,68.42922
2344,61.89626
2345,60.059177
2346,52.61656
2347,59.320927
2348,54.511753
2349,50.003643
2350,56.17248
2351,59.642677
2352,79.35897
2353,67.44282
2354,63.52341
2355,62.6652
2356,62.669918
2357,51.456192
2358,75.63617
2359,54.706097
2360,65.71485
2361,71.50777
2362,62.59745
2363,80.47765
2364,78.017105
2365,67.71299
2366,53.377316
2367,60.05789
2368,52.65866
2369,74.033844
2370,63.782658
2371,48.21777
2372,69.40235
2373,78.097565
2374,52.475544
2375,46.656696
2376,66.54881
2377,70.81738
2378,88.57682
2379,59.661083
2380,65.08262
2381,57.961254
2382,53.71897
2383,47.55076
2384,75.53701
2385,63.706936
2386,63.16182
2387,63.924744
2388,63.77912
2389,50.09579
2390,56.052704
2391,82.61724
2392,67.309326
2393,67.16235
2394,61.38286
2395,46.950573
2396,58.009575
2397,53.15189
2398,55.932106
2399,66.06397
2400,60.985725
2401,56.38983
2402,71.59462
2403,62.840443
2404,66.71412
2405,64.75255
2406,66.27653
2407,36.994213
2408,69.486694
2409,49.08104
2410,54.022316
2411,52.977844
2412,69.00024
2413,56.358765
2414,77.77704
2415,69.80974
2416,61.56329
2417,68.11919
2418,61.940605
2419,51.437332
2420,56.194324
2421,67.02387
2422,69.527824
2423,45.576584
2424,45.91342
2425,71.31832
2426,67.73501
2427,57.746296
2428,50.0904
2429,69.984825
2430,68.36731
2431,80.4818
2432,59.802925
2433,46.21993
2434,54.960762
2435,77.871635
2436,65.5387
2437,82.42075
2438,51.959087
2439,56.304047
2440,56.785473
2441,74.684074
2442,40.157677
2443,44.29686
2444,80.582436
2445,63.538036
2446,81.62209
2447,69.10805
2448,61.801464
2449,79.51198
2450,49.944416
2451,49.794067
2452,92.28214
2453,42.519062
2454,69.97749
2455,82.33376
2456,66.864296
2457,85.25328
2458,44.708942
2459,51.70875
2460,67.988846
2461,73.46918
2462,65.01994
2463,72.66051
2464,57.72782
2465,65.91066
2466,79.95943
2467,61.454502
2468,71.62092
2469,59.256824
2470,53.169674
2471,76.65748
2472,59.13881
2473,62.98645
2474,62.10537
2475,64.28173
2476,74.50653
2477,46.720554
2478,59.879383
2479,84.404686
2480,71.53228
2481,81.7154
2482,61.04112
2483,74.41619
2484,73.42659
2485,36.136887
2486,81.47177
2487,66.41041
2488,54.98454
2489,66.09516
2490,93.485985
2491,48.33334
2492,50.76082
2493,61.27184
2494,47.99702
2495,53.03853
2496,60.006454
2497,68.35095
2498,72.42563
2499,41.350163
2500,56.146744
2501,71.01708
2502,71.60817
2503,58.394547
2504,59.247658
2505,76.740814
2506,63.48572
2507,47.512356
2508,52.570934
2509,61.73347
2510,64.77298
2511,90.452095
2512,52.32661
2513,65.39178
2514,45.66313
2515,62.275707
2516,45.624645
2517,69.296364
2518,77.483406
2519,56.78381
2520,59.242363
2521,68.07802
2522,76.5208
2523,76.905876
2524,66.84295
2525,64.546974
2526,52.083664
2527,72.53848
2528,71.463356
2529,52.892925
2530,67.27174
2531,75.56978
2532,70.44054
2533,73.315
2534,66.60637
2535,50.523243
2536,71.44958
2537,58.351585
2538,59.499157
2539,60.564465
2540,56.016014
2541,58.303642
2542,100.57329
2543,54.497536
2544,58.13004
2545,65.235664
2546,53.308582
2547,65.57274
2548,32.06813
2549,48.04412
2550,63.192043
2551,61.63554
2552,63.271713
2553,79.72052
2554,68.41408
2555,54.15823
2556,51.71956
2557,72.09275
2558,59.54596
2559,66.425095
2560,88.69249
2561,81.56307
2562,71.13043
2563,53.189972
2564,64.5604
2565,82.86524
2566,75.19147
2567,61.39575
2568,66.16078
2569,74.040924
2570,47.158287
2571,71.96759
2572,62.27184
2573,72.68547
2574,44.120956
2575,48.186466
2576,70.71159
2577,56.734573
2578,50.36602
2579,65.43529
2580,89.833046
2581,49.138466
2582,73.96228
2583,72.34605
2584,78.37033
2585,70.89862
2586,83.22318
2587,88.57481
2588,60.12624
2589,67.107994
2590,63.083473
2591,38.18904
2592,69.253975
2593,43.57017
2594,75.91253
2595,54.883533
2596,73.37964
2597,84.29902
2598,63.649605
2599,54.601273
2600,45.296394
2601,51.964928
2602,45.07641
2603,80.35415
2604,63.859062
2605,76.36228
2606,74.24484
2607,71.727005
2608,78.79208
2609,63.76688
2610,73.62717
2611,69.668526
2612,73.22488
2613,81.30813
2614,78.4395
2615,62.023796
2616,37.873066
2617,39.016266
2618,63.250374
2619,50.3323
2620,50.606903
2621,45.65497
2622,68.785355
2623,74.74415
2624,55.80877
2625,54.007206
2626,63.905766
2627,67.347885
2628,72.01271
2629,60.954075
2630,54.447876
2631,76.65282
2632,31.997854
2633,57.40866
2634,65.822075
2635,93.0301
2636,50.32537
2637,62.360718
2638,81.526566
2639,60.949078
2640,48.67485
2641,43.292282
2642,76.150154
2643,58.36732
2644,75.6202
2645,65.43252
2646,65.27286
2647,61.892548
2648,65.49667
2649,49.96282
2650,70.42699
2651,72.23571
2652,64.41145
2653,44.454838
2654,86.92056
2655,69.74375
2656,80.89627
2657,79.94673
2658,63.200394
2659,77.49996
2660,58.41504
2661,68.03426
2662,70.04244
2663,69.10866
2664,55.274822
2665,66.55805
2666,72.39433
2667,75.73495
2668,65.58361
2669,80.43677
2670,80.226395
2671,61.07453
2672,65.70491
2673,91.79842
2674,70.1591
2675,64.28273
2676,60.732
2677,59.89554
2678,58.88309
2679,63.411182
2680,52.664825
2681,61.409313
2682,72.10044
2683,96.569984
2684,59.468132
2685,69.95216
2686,75.470665
2687,87.3795
2688,70.25786
2689,62.119553
2690,56.27679
2691,91.18614
2692,61.518932
2693,46.97909
2694,51.022194
2695,76.76159
2696,69.933205
2697,68.47285
2698,51.48575
2699,65.93729
2700,82.074936
2701,64.070366
2702,80.47988
2703,43.963123
2704,70.955284
2705,73.95856
2706,73.46153
2707,68.03556
2708,67.4792
2709,50.64442
2710,80.6589
2711,75.55963
2712,62.864304
2713,55.743053
2714,49.459904
2715,63.695324
2716,56.49569
2717,67.07682
2718,53.059395
2719,66.75034
2720,86.63211
2721,70.958435
2722,60.70539
2723,58.8849
2724,83.675156
2725,76.235565
2726,59.558258
2727,73.988846
2728,67.8264
2729,73.12024
2730,79.029564
2731,58.640415
2732,63.064194
2733,64.503136
2734,79.64427
2735,79.8485
2736,70.16767
2737,66.77163
2738,52.31875
2739,55.14405
2740,52.750328
2741,80.298134
2742,69.6022
2743,54.813686
2744,69.42982
2745,45.706932
2746,47.1617
2747,90.2215
2748,57.006294
2749,66.989235
2750,52.349594
2751,52.766346
2752,54.653408
2753,79.84547
2754,90.10487
2755,57.58871
2756,70.91229
2757,66.156364
2758,58.522697
2759,54.199093
2760,79.225204
2761,47.636845
2762,59.198704
2763,58.121044
2764,75.190445
2765,49.794407
2766,79.237656
2767,50.644608
2768,70.85336
2769,63.403336
2770,75.67754
2771,75.171646
2772,73.96559
2773,45.39823
2774,58.96289
2775,66.13579
2776,34.47271
2777,61.67091
2778,61.7605
2779,86.50057
2780,69.489784
2781,54.428158
2782,47.063377
2783,65.78716
2784,65.80719
2785,82.22052
2786,70.80486
2787,67.63024
2788,73.37261
2789,56.712673
2790,56.316658
2791,49.006508
2792,65.30957
2793,47.964535
2794,70.730934
2795,52.472115
2796,58.114803
2797,59.17427
2798,71.355484
2799,66.86488
2800,86.42938
2801,84.625496
2802,50.26394
2803,68.74883
2804,48.44152
2805,68.56624
2806,74.85033
2807,58.438213
2808,77.35887
2809,64.63457
2810,76.79224
2811,50.522663
2812,57.339066
2813,68.1355
2814,71.24052
2815,81.03566
2816,68.81653
2817,66.000824
2818,62.89129
2819,41.518867
2820,57.26171
2821,55.552647
2822,50.54861
2823,74.0592
2824,59.898678
2825,56.002735
2826,67.65718
2827,73.32761
2828,90.912674
2829,75.45012
2830,38.517723
2831,66.458244
2832,70.20472
2833,42.432556
2834,80.50905
2835,79.07329
2836,43.386284
2837,63.568153
2838,84.46546
2839,85.38405
2840,61.518238
2841,79.963196
2842,77.61968
2843,60.508167
2844,78.767685
2845,68.795105
2846,54.381897
2847,73.61066
2848,70.60542
2849,65.97663
2850,64.829384
2851,55.18281
2852,72.804825
2853,41.771988
2854,67.28073
2855,80.82602
2856,55.64738
2857,53.233006
2858,68.08712
2859,54.26033
2860,66.1192
2861,63.447342
2862,57.695866
2863,74.216545
2864,64.287125
2865,63.994293
2866,46.759003
2867,48.754578
2868,44.1864
2869,45.9733
2870,58.98638
2871,67.44238
2872,35.89909
2873,62.422287
2874,68.03989
2875,50.08095
2876,75.4567
2877,48.232693
2878,69.69624
2879,77.43743
2880,58.77094
2881,67.7755
2882,57.7835
2883,47.198177
2884,48.939587
2885,64.19503
2886,69.94721
2887,75.440506
2888,41.28869
2889,40.05105
2890,52.225567
2891,61.929344
2892,48.231888
2893,53.14254
2894,59.37874
2895,79.04909
2896,55.568283
2897,82.00806
2898,60.479904
2899,57.725685
2900,75.4103
2901,55.06861
2902,61.62502
2903,63.350307
2904,43.19213
2905,62.260418
2906,93.63378
2907,82.22837
2908,55.0802
2909,54.372738
2910,62.18391
2911,75.63476
2912,52.774193
2913,59.08486
2914,52.803337
2915,63.0119
2916,69.49261
2917,68.45969
2918,71.886566
2919,44.795944
2920,42.868805
2921,60.643433
2922,72.85141
2923,59.198334
2924,71.76695
2925,49.36279
2926,67.9574
2927,43.14308
2928,67.99823
2929,77.36558
2930,63.897083
2931,64.16039
2932,86.81568
2933,71.01814
2934,55.960903
2935,58.69634
2936,66.205086
2937,57.40478
2938,64.72194
2939,75.14506
2940,82.73125
2941,47.52017
2942,83.831436
2943,74.52461
2944,46.49442
2945,62.02198
2946,66.13708
2947,39.140663
2948,58.89862
2949,64.91592
2950,69.26012
2951,63.497326
2952,60.51602
2953,72.94697
2954,59.36093
2955,40.775063
2956,46.12899
2957,56.710224
2958,59.415073
2959,72.6029
2960,77.38983
2961,78.968796
2962,52.55183
2963,74.933876
2964,61.710243
2965,60.15451
2966,49.072716
2967,79.84993
2968,54.604588
2969,87.38055
2970,69.7974
2971,75.48417
2972,58.486217
2973,84.61166
2974,44.42126
2975,83.82769
2976,75.01357
2977,88.50596
2978,66.27837
2979,45.10306
2980,50.210884
2981,77.12323
2982,74.235825
2983,68.42908
2984,67.77944
2985,67.797844
2986,68.61862
2987,91.92086
2988,52.458748
2989,59.37231
2990,79.63373
2991,73.66639
2992,57.936943
2993,88.66499
2994,60.98333
2995,78.533554
2996,40.97123
2997,62.319035
2998,68.85236
2999,97.119156
3000,51.538414
3001,38.517624
3002,57.17736
3003,74.758575
3004,51.547626
3005,74.89274
3006,59.52075
3007,42.537266
3008,69.53953
3009,64.89202
3010,48.22968
3011,66.01227
3012,72.65229
3013,67.01777
3014,64.74849
3015,63.711575
3016,78.43415
3017,70.00441
3018,75.13199
3019,58.653545
3020,50.553925
3021,58.171375
3022,44.93386
3023,64.3032
3024,62.837166
3025,76.8433
3026,65.95933
3027,59.118107
3028,63.61244
3029,65.15834
3030,70.372635
3031,56.58211
3032,61.28222
3033,80.8363
3034,68.3003
3035,60.945377
3036,63.08256
3037,56.411846
3038,62.03537
3039,63.544342
3040,70.483086
3041,51.680122
3042,74.62032
3043,58.63078
3044,73.79234
3045,72.164925
3046,82.067795
3047,71.21865
3048,65.41729
3049,75.76993
3050,46.86033
3051,72.87955
3052,68.10574
3053,70.53363
3054,48.776497
3055,61.844635
3056,79.6396
3057,57.244606
3058,59.380917
3059,69.16607
3060,64.25712
3061,79.724815
3062,62.34481
3063,67.045746
3064,54.925877
3065,39.901394
3066,56.178417
3067,81.02451
3068,68.21656
3069,58.34333
3070,55.229324
3071,69.66783
3072,53.424595
3073,57.078003
3074,76.99058
3075,47.061
3076,66.37845
3077,58.426205
3078,47.12192
3079,76.81842
3080,77.39782
3081,63.8037
3082,62.680576
3083,80.12088
3084,70.86221
3085,63.613125
3086,63.020645
3087,43.24077
3088,36.948
3089,57.414078
3090,67.19509
3091,69.685455
3092,96.974365
3093,53.80655
3094,80.28454
3095,70.13454
3096,61.461945
3097,98.022446
3098,80.419525
3099,61.496014
3100,74.875046
3101,62.53428
3102,66.3742
3103,75.2097
3104,69.62738
3105,62.23439
3106,81.71828
3107,61.991653
3108,79.13111
3109,63.290928
3110,88.55446
3111,64.150795
3112,48.73176
3113,89.96899
3114,80.7878
3115,67.53481
3116,70.461494
3117,64.266914
3118,57.755493
3119,67.7178
3120,90.469604
3121,51.56951
3122,58.90242
3123,73.93865
3124,44.68115
3125,58.683002
3126,67.735374
3127,72.999016
3128,82.58302
3129,78.07598
3130,94.740425
3131,58.610756
3132,61.582222
3133,61.19202
3134,54.747726
3135,44.15094
3136,65.295685
3137,55.79909
3138,64.92888
3139,100.55329
3140,54.11273
3141,49.68022
3142,57.782845
3143,61.481243
3144,70.85656
3145,51.60612
3146,33.446827
3147,59.094162
3148,63.2405
3149,45.251583
3150,77.04867
3151,38.95239
3152,51.30861
3153,45.77162
3154,60.432274
3155,63.12156
3156,59.936214
3157,58.43648
3158,70.746445
3159,76.51003
3160,67.89606
3161,68.81588
3162,68.50463
3163,69.186935
3164,64.44814
3165,69.83783
3166,46.587967
3167,64.92023
3168,43.55109
3169,78.078026
3170,48.053738
3171,57.97132
3172,94.3306
3173,50.9906
3174,88.863815
3175,56.836567
3176,75.93941
3177,58.890236
3178,79.86087
3179,72.66579
3180,51.813507
3181,67.9194
3182,65.819336
3183,52.43795
3184,54.50891
3185,76.38905
3186,59.243675
3187,76.87233
3188,50.518173
3189,50.895092
3190,65.42842
3191,77.083885
3192,85.1546
3193,67.91229
3194,86.409195
3195,76.94304
3196,66.154884
3197,66.65492
3198,71.710686
3199,64.29057
3200,48.65871
3201,60.73993
3202,88.1217
3203,74.13807
3204,74.26009
3205,68.93481
3206,61.37301
3207,54.96028
3208,57.29925
3209,65.206696
3210,50.505234
3211,45.498085
3212,67.17666
3213,78.87497
3214,66.78028
3215,56.10382
3216,45.74493
3217,72.7335
3218,69.04704
3219,75.76965
3220,48.04375
3221,60.948547
3222,78.33161
3223,44.733547
3224,57.21702
3225,47.07925
3226,61.507668
3227,70.33096
3228,77.14007
3229,53.382393
3230,59.503693
3231,59.689415
3232,51.59279
3233,83.02825
3234,52.031944
3235,73.09854
3236,71.600266
3237,54.410175
3238,64.33975
3239,67.34945
3240,56.149258
3241,65.15589
3242,65.44665
3243,67.98465
3244,56.637287
3245,54.50547
3246,59.562202
3247,63.94781
3248,81.01547
3249,47.282627
3250,63.289597
3251,60.465992
3252,85.95125
3253,86.308525
3254,46.640636
3255,50.752254
3256,73.75363
3257,64.42891
3258,36.15191
3259,78.606544
3260,66.38429
3261,72.61337
3262,55.39657
3263,60.727375
3264,62.490803
3265,70.813675
3266,87.88094
3267,97.141014
3268,75.08426
3269,53.61472
3270,58.492565
3271,71.70736
3272,61.45912
3273,69.69681
3274,79.49971
3275,85.16155
3276,52.776066
3277,61.424683
3278,49.771564
3279,44.36215
3280,65.82033
3281,73.49037
3282,67.68547
3283,84.403076
3284,60.584755
3285,56.860237
3286,57.754177
3287,57.10234
3288,73.59968
3289,49.96857
3290,73.66749
3291,68.89168
3292,77.06343
3293,74.12317
3294,68.16216
3295,63.603256
3296,75.36333
3297,51.31004
3298,60.171165
3299,47.15321
3300,63.97579
3301,74.10658
3302,57.781822
3303,71.39015
3304,47.186855
3305,65.58024
3306,58.578957
3307,64.642715
3308,85.76672
3309,47.59972
3310,55.962536
3311,62.81038
3312,92.69166
3313,64.05269
3314,62.37555
3315,63.165936
3316,53.14253
3317,49.48121
3318,74.18994
3319,67.458984
3320,56.383305
3321,55.375294
3322,62.115814
3323,68.5645
3324,32.17467
3325,58.4782
3326,52.83782
3327,66.97348
3328,51.70975
3329,58.698353
3330,63.08688
3331,59.307575
3332,65.72342
3333,68.38722
3334,44.637783
3335,76.54415
3336,76.57429
3337,60.381275
3338,67.33265
3339,63.990105
3340,73.35197
3341,62.944847
3342,68.0165
3343,79.27967
3344,44.43134
3345,65.93336
3346,67.336426
3347,38.752155
3348,60.8332
3349,79.380455
3350,68.82144
3351,65.82752
3352,74.36848
3353,56.361546
3354,79.36634
3355,74.14222
3356,48.584297
3357,78.12843
3358,61.222282
3359,65.38129
3360,67.44733
3361,56.90387
3362,60.931328
3363,74.936874
3364,67.74632
3365,77.38222
3366,75.7912
3367,77.15645
3368,67.63719
3369,72.41287
3370,48.290512
3371,64.873
3372,55.675983
3373,46.007557
3374,69.02131
3375,72.8854
3376,62.076763
3377,46.628292
3378,47.288784
3379,61.579147
3380,53.6317
3381,41.67638
3382,48.961933
3383,58.733753
3384,61.243923
3385,60.185192
3386,66.591324
3387,55.38324
3388,68.729614
3389,95.30357
3390,66.95818
3391,79.37568
3392,73.5886
3393,60.61388
3394,65.19887
3395,62.533607
3396,78.237274
3397,49.49057
3398,62.877735
3399,77.66466
3400,69.12388
3401,64.84826
3402,64.673065
3403,53.29279
3404,70.56045
3405,54.460835
3406,73.57068
3407,64.92779
3408,68.6948
3409,72.94302
3410,73.66876
3411,56.87359
3412,95.39723
3413,49.864697
3414,71.06228
3415,57.396828
3416,55.37247
3417,81.14131
3418,61.981663
3419,71.88142
3420,76.10408
3421,67.9551
3422,65.12338
3423,66.687325
3424,50.239098
3425,55.710716
3426,59.721558
3427,66.281395
3428,67.0654
3429,48.753624
3430,51.967403
3431,55.45163
3432,60.77393
3433,47.84898
3434,54.36423
3435,62.09869
3436,60.604347
3437,66.46698
3438,67.87591
3439,49.75819
3440,79.89997
3441,55.6879
3442,58.444645
3443,56.368805
3444,39.76697
3445,58.244614
3446,74.79288
3447,96.96112
3448,56.093266
3449,51.807358
3450,50.249886
3451,45.828014
3452,74.47158
3453,66.20206
3454,66.908714
3455,75.06996
3456,76.210815
3457,61.194973
3458,75.297615
3459,75.66461
3460,59.886063
3461,71.02722
3462,62.850037
3463,56.44608
3464,70.62587
3465,49.459164
3466,60.327698
3467,55.77565
3468,69.17892
3469,69.93166
3470,60.0386
3471,66.95796
3472,53.240276
3473,71.27411
3474,65.452255
3475,66.65693
3476,86.715866
3477,45.506638
3478,46.15578
3479,75.07478
3480,47.093437
3481,94.52319
3482,60.092674
3483,49.560635
3484,68.577576
3485,65.896866
3486,68.60252
3487,54.267696
3488,66.45007
3489,64.816124
3490,55.82835
3491,63.65087
3492,63.392597
3493,71.31354
3494,65.49585
3495,52.947
3496,51.285114
3497,66.099
3498,55.356792
3499,73.63977
3500,80.277275
3501,65.05957
3502,62.914806
3503,46.635574
3504,68.492096
3505,46.17102
3506,68.73973
3507,57.60816
3508,73.48874
3509,45.028477
3510,49.671043
3511,63.847576
3512,62.882206
3513,80.539505
3514,73.287186
3515,78.35187
3516,71.516685
3517,71.43749
3518,53.323215
3519,82.34038
3520,67.20582
3521,87.75655
3522,69.51528
3523,55.587494
3524,58.5814
3525,44.80391
3526,68.61626
3527,56.82029
3528,53.774704
3529,54.99832
3530,40.645077
3531,74.23694
3532,72.00628
3533,57.161003
3534,43.70185
3535,51.40558
3536,66.25644
3537,51.93447
3538,51.99049
3539,67.638725
3540,63.006718
3541,76.74182
3542,72.605934
3543,67.293434
3544,56.55525
3545,54.497757
3546,68.010605
3547,47.81288
3548,71.276215
3549,48.106186
3550,68.86776
3551,71.20728
3552,55.071568
3553,64.15453
3554,52.68989
3555,69.01993
3556,70.879684
3557,59.40546
3558,76.12607
3559,66.03486
3560,74.54881
3561,85.578354
3562,56.856506
3563,66.49718
3564,84.54859
3565,60.924824
3566,76.89585
3567,72.06125
3568,75.97927
3569,69.49043
3570,49.921238
3571,56.49332
3572,67.764404
3573,81.15549
3574,48.49882
3575,59.795593
3576,70.59154
3577,47.13449
3578,62.96914
3579,65.79753
3580,57.411533
3581,57.728153
3582,53.4917
3583,64.52558
3584,72.575584
3585,70.17509
3586,67.037636
3587,44.50971
3588,60.551502
3589,71.35281
3590,69.17806
3591,45.932808
3592,70.54997
3593,78.20705
3594,55.080612
3595,72.4636
3596,60.89902
3597,78.58117
3598,70.25242
3599,45.44872
3600,69.94485
3601,70.47598
3602,49.266224
3603,41.46476
3604,65.14784
3605,47.792
3606,53.613316
3607,56.19707
3608,62.769756
3609,55.42911
3610,86.29613
3611,71.99788
3612,87.588875
3613,73.69872
3614,63.639706
3615,63.99918
3616,77.565575
3617,53.160515
3618,84.55839
3619,55.80257
3620,62.677963
3621,71.903175
3622,48.59142
3623,74.79309
3624,48.650814
3625,53.10484
3626,73.88859
3627,56.72772
3628,51.056976
3629,54.649418
3630,43.847942
3631,76.99461
3632,73.063286
3633,72.02548
3634,65.38605
3635,84.001434
3636,62.668037
3637,90.03789
3638,73.51763
3639,62.931103
3640,58.03284
3641,77.599945
3642,53.78281
3643,64.88415
3644,88.275856
3645,76.39476
3646,85.879395
3647,76.43334
3648,70.34964
3649,64.53427
3650,78.60306
3651,66.86358
3652,72.24658
3653,47.147278
3654,69.6344
3655,59.8566
3656,44.126385
3657,78.61272
3658,57.19798
3659,52.325325
3660,48.67184
3661,69.08695
3662,54.420868
3663,60.668686
3664,42.49427
3665,43.64024
3666,53.639874
3667,68.97352
3668,58.14309
3669,97.73516
3670,50.42798
3671,72.32069
3672,51.045616
3673,79.946075
3674,84.33852
3675,53.752216
3676,61.775536
3677,74.5939
3678,60.264885
3679,64.40283
3680,76.42619
3681,48.431274
3682,58.186356
3683,59.659027
3684,72.44323
3685,56.059483
3686,61.10925
3687,82.738846
3688,51.69291
3689,84.99428
3690,70.81443
3691,57.368835
3692,57.44061
3693,65.3185
3694,69.592155
3695,61.485733
3696,63.818497
3697,99.82337
3698,68.18421
3699,76.16622
3700,64.61536
3701,55.423492
3702,50.552734
3703,69.57122
3704,57.83728
3705,46.133247
3706,71.979805
3707,63.873375
3708,49.19053
3709,55.62779
3710,54.585163
3711,75.46262
3712,69.9648
3713,63.368797
3714,68.66432
3715,62.158188
3716,62.42262
3717,61.66893
3718,61.989094
3719,57.272778
3720,68.81514
3721,88.852455
3722,73.271706
3723,64.03654
3724,54.40912
3725,48.924686
3726,63.039536
3727,49.715336
3728,58.764847
3729,66.26751
3730,62.977158
3731,50.95117
3732,74.302315
3733,69.66682
3734,72.77811
3735,77.94035
3736,80.64265
3737,58.453438
3738,72.9046
3739,60.103596
3740,69.11443
3741,58.180603
3742,87.60094
3743,86.20147
3744,64.27885
3745,72.918106
3746,74.83296
3747,79.16531
3748,54.497456
3749,72.03724
3750,78.609634
3751,58.003395
3752,69.9269
3753,50.11132
3754,67.693214
3755,48.68485
3756,48.751614
3757,70.89586
3758,51.0281
3759,40.795483
3760,75.04223
3761,68.522865
3762,71.85786
3763,65.551636
3764,46.786327
3765,53.479195
3766,56.910007
3767,84.86858
3768,56.20788
3769,44.370342
3770,58.936924
3771,61.142406
3772,65.583786
3773,63.66631
3774,81.70356
3775,62.82096
3776,74.157
3777,65.82831
3778,46.631268
3779,44.038345
3780,57.969753
3781,45.917034
3782,58.704845
3783,64.06578
3784,62.07768
3785,57.63994
3786,66.16943
3787,56.937347
3788,84.98995
3789,58.374992
3790,76.01089
3791,61.693012
3792,65.62199
3793,67.99497
3794,57.20684
3795,43.44035
3796,49.32633
3797,62.45609
3798,89.551605
3799,56.724483
3800,65.08959
3801,49.98313
3802,67.31653
3803,61.409893
3804,57.132603
3805,81.8845
3806,37.476063
3807,40.285164
3808,41.681328
3809,55.226284
3810,72.742325
3811,63.49924
3812,69.81591
3813,80.67341
3814,80.16013
3815,72.23861
3816,84.500916
3817,48.395206
3818,54.0975
3819,64.83244
3820,38.65623
3821,50.284157
3822,43.990456
3823,62.169926
3824,58.396427
3825,90.99147
3826,44.61983
3827,65.78781
3828,50.864212
3829,69.99528
3830,55.48683
3831,57.961704
3832,59.9951
3833,51.80855
3834,62.44058
3835,65.79638
3836,74.26327
3837,49.29966
3838,69.7796
3839,84.02918
3840,54.666016
3841,83.377556
3842,57.48567
3843,80.98419
3844,61.838253
3845,54.781044
3846,57.905025
3847,63.195618
3848,72.83213
3849,76.86984
3850,48.023373
3851,60.416065
3852,44.651707
3853,54.813
3854,85.304375
3855,62.121796
3856,65.65763
3857,70.374725
3858,55.665234
3859,67.396454
3860,63.554626
3861,52.56338
3862,88.09643
3863,62.720924
3864,68.81058
3865,63.9441
3866,47.975773
3867,62.9175
3868,50.479153
3869,70.46976
3870,46.349876
3871,69.99213
3872,91.625916
3873,72.20463
3874,56.40952
3875,83.6788
3876,69.87419
3877,73.26146
3878,48.02656
3879,61.576065
3880,78.91059
3881,58.048138
3882,71.70174
3883,45.7172
3884,69.22753
3885,74.55272
3886,58.760704
3887,71.06412
3888,68.20667
3889,65.3763
3890,65.02577
3891,79.714
3892,76.141396
3893,57.54087
3894,40.506485
3895,45.11074
3896,63.537457
3897,48.531994
3898,64.47965
3899,84.51548
3900,63.174377
3901,52.2229
3902,51.932518
3903,58.965614
3904,73.152885
3905,77.93029
3906,73.14086
3907,58.756645
3908,57.17968
3909,75.97411
3910,58.973526
3911,65.29285
3912,48.72723
3913,61.163795
3914,62.773815
3915,55.213264
3916,56.670612
3917,57.767246
3918,87.01344
3919,43.001907
3920,79.793236
3921,50.040928
3922,67.201866
3923,54.736855
3924,74.601166
3925,62.237587
3926,81.22549
3927,48.92138
3928,30.05049
3929,67.26832
3930,74.314125
3931,57.416122
3932,86.70025
3933,69.16281
3934,61.347187
3935,68.317375
3936,57.314415
3937,66.38567
3938,82.94781
3939,77.18879
3940,70.06413
3941,40.009113
3942,103.78845
3943,91.5273
3944,59.63994
3945,89.75231
3946,64.52457
3947,84.60392
3948,52.78697
3949,79.26921
3950,52.630135
3951,53.96618
3952,57.4548
3953,71.71398
3954,55.85144
3955,71.59334
3956,65.138115
3957,67.97206
3958,42.920704
3959,73.30721
3960,39.29378
3961,63.27558
3962,57.48784
3963,79.369125
3964,66.63086
3965,80.82424
3966,51.645794
3967,48.916203
3968,68.514015
3969,58.001904
3970,57.41913
3971,84.57186
3972,52.893894
3973,50.46492
3974,83.743195
3975,55.07319
3976,84.35928
3977,77.909775
3978,76.939804
3979,77.795784
3980,41.73535
3981,52.952446
3982,77.50863
3983,62.965736
3984,69.86942
3985,68.53904
3986,67.14148
3987,64.88971
3988,79.82001
3989,53.249313
3990,60.370266
3991,49.596085
3992,53.27297
3993,79.7813
3994,80.34461
3995,58.769096
3996,78.22467
3997,80.09496
3998,72.78776
3999,64.61129
4000,78.25307
4001,70.70253
4002,54.692165
4003,59.49161
4004,58.268696
4005,48.074757
4006,73.64715
4007,47.829
4008,78.18978
4009,68.67815
4010,56.494534
4011,91.2848
4012,48.14463
4013,62.18318
4014,55.431942
4015,61.03037
4016,56.22756
4017,51.466328
4018,61.31174
4019,38.787468
4020,56.285816
4021,70.7168
4022,60.080246
4023,71.52618
4024,65.58281
4025,64.40118
4026,76.65639
4027,46.684635
4028,57.991337
4029,83.26658
4030,69.91246
4031,67.58307
4032,54.42529
4033,59.080322
4034,68.47547
4035,57.81714
4036,66.39557
4037,66.52185
4038,66.553024
4039,72.87026
4040,53.11106
4041,66.82625
4042,58.866955
4043,67.73061
4044,71.096245
4045,42.427425
4046,62.92411
4047,72.98212
4048,97.76648
4049,70.934
4050,46.490517
4051,78.17946
4052,69.03968
4053,43.258358
4054,63.61987
4055,70.73732
4056,80.13824
4057,44.443016
4058,62.945175
4059,55.557896
4060,81.53723
4061,63.552505
4062,68.641846
4063,55.77459
4064,58.711998
4065,54.576427
4066,42.686302
4067,55.88723
4068,71.99233
4069,55.360283
4070,44.370964
4071,82.854645
4072,75.91342
4073,59.162262
4074,67.88109
4075,65.485115
4076,52.86641
4077,73.92952
4078,46.58727
4079,60.523888
4080,67.13662
4081,92.71765
4082,79.809364
4083,54.70118
4084,67.101074
4085,64.3051
4086,63.51335
4087,72.028175
4088,47.94868
4089,53.755062
4090,51.7844
4091,61.710594
4092,53.51194
4093,49.36671
4094,65.02208
4095,55.341484
4096,64.566505
4097,50.212
4098,72.60429
4099,59.332348
4100,70.15071
4101,57.65591
4102,49.956177
4103,71.17109
4104,81.80939
4105,72.342766
4106,48.572456
4107,49.730312
4108,56.98395
4109,46.253265
4110,48.794167
4111,53.544315
4112,69.05629
4113,51.73509
4114,57.219425
4115,61.12374
4116,45.714447
4117,59.817944
4118,68.75722
4119,57.959557
4120,89.2205
4121,66.84427
4122,60.14921
4123,67.700035
4124,63.92525
4125,63.106266
4126,67.59072
4127,68.525444
4128,62.764565
4129,52.319088
4130,61.38212
4131,85.04513
4132,69.10722
4133,74.35198
4134,83.30314
4135,72.303535
4136,60.872902
4137,56.114708
4138,66.84922
4139,73.663605
4140,43.96255
4141,82.20324
4142,56.67032
4143,92.804
4144,59.988834
4145,69.958885
4146,53.581394
4147,33.96555
4148,84.69976
4149,78.15351
4150,54.787342
4151,53.22514
4152,58.16121
4153,80.11818
4154,36.84421
4155,65.54336
4156,86.29394
4157,62.472584
4158,76.090904
4159,49.80614
4160,52.07262
4161,50.53346
4162,69.65146
4163,77.152596
4164,82.6406
4165,74.41141
4166,48.095932
4167,66.60403
4168,63.561836
4169,43.755398
4170,73.42983
4171,60.575207
4172,49.50665
4173,48.88307
4174,57.871754
4175,61.201958
4176,65.12108
4177,62.040726
4178,35.696754
4179,68.26371
4180,64.48755
4181,62.858723
4182,59.734848
4183,55.220608
4184,66.963554
4185,54.123142
4186,79.19996
4187,70.00049
4188,60.158615
4189,74.92225
4190,69.72325
4191,82.78095
4192,67.718704
4193,73.131256
4194,54.242615
4195,56.419285
4196,60.81026
4197,62.961178
4198,72.435814
4199,59.092052
4200,60.376453
4201,53.659534
4202,66.749626
4203,60.11436
4204,53.97651
4205,42.9401
4206,64.20019
4207,52.79891
4208,54.716846
4209,79.67611
4210,60.52897
4211,48.37858
4212,74.6415
4213,75.41883
4214,73.38147
4215,70.32812
4216,76.406784
4217,55.06031
4218,63.42632
4219,58.802563
4220,95.429
4221,79.997444
4222,72.40446
4223,62.539707
4224,74.14577
4225,63.296032
4226,45.261578
4227,68.97202
4228,77.679985
4229,65.99878
4230,74.7581
4231,68.46509
4232,71.95517
4233,66.08519
4234,72.26925
4235,73.38971
4236,61.39286
4237,53.88252
4238,76.271866
4239,57.834248
4240,57.61781
4241,64.99785
4242,55.479546
4243,58.949047
4244,71.693665
4245,77.968124
4246,55.04967
4247,59.53897
4248,74.91652
4249,51.446
4250,68.24753
4251,67.403175
4252,46.814747
4253,79.15535
4254,74.4774
4255,52.2912
4256,46.721424
4257,52.263714
4258,49.394962
4259,69.58189
4260,85.03885
4261,53.80541
4262,67.43786
4263,59.782658
4264,55.801697
4265,63.76966
4266,68.6215
4267,76.94453
4268,72.73336
4269,69.384445
4270,60.77546
4271,64.66432
4272,75.91459
4273,60.70378
4274,65.28163
4275,69.93705
4276,81.99527
4277,54.419533
4278,64.78999
4279,77.343475
4280,79.5549
4281,44.750908
4282,50.364365
4283,34.117317
4284,68.12916
4285,73.616066
4286,53.80033
4287,72.381676
4288,61.755337
4289,52.37739
4290,65.840324
4291,72.7536
4292,55.994495
4293,73.40866
4294,54.45696
4295,59.12113
4296,39.04083
4297,52.47881
4298,79.772964
4299,61.763508
4300,45.436344
4301,73.10876
4302,42.01346
4303,73.937836
4304,85.50825
4305,63.296688
4306,58.241543
4307,78.67161
4308,69.58389
4309,61.01801
4310,55.389473
4311,79.49608
4312,61.849583
4313,66.68955
4314,74.54801
4315,57.5165
4316,48.2594
4317,57.07018
4318,75.34122
4319,57.402946
4320,70.362785
4321,69.61683
4322,43.728973
4323,48.884823
4324,73.04805
4325,64.98536
4326,73.875175
4327,74.8785
4328,66.03516
4329,69.85911
4330,74.0642
4331,61.872982
4332,49.59408
4333,45.38874
4334,65.68188
4335,79.6695
4336,75.510124
4337,59.51396
4338,64.90519
4339,31.916874
4340,66.528046
4341,66.07251
4342,64.44534
4343,69.003136
4344,90.116135
4345,42.223087
4346,65.62798
4347,68.6951
4348,49.427734
4349,76.2839
4350,61.562893
4351,81.40388
4352,72.13411
4353,72.11184
4354,65.831635
4355,59.619934
4356,56.703255
4357,50.5142
4358,72.930336
4359,75.198395
4360,82.75119
4361,38.265556
4362,64.24656
4363,52.623177
4364,63.484783
4365,46.877007
4366,69.58732
4367,72.652054
4368,48.3236
4369,49.371613
4370,65.447136
4371,78.88317
4372,67.07578
4373,50.003067
4374,46.544632
4375,55.901333
4376,60.367733
4377,58.334267
4378,80.57436
4379,76.48442
4380,60.041435
4381,65.03468
4382,41.08052
4383,49.717896
4384,75.907295
4385,87.16003
4386,74.962715
4387,51.82795
4388,72.92889
4389,55.403748
4390,51.00351
4391,62.32562
4392,74.05568
4393,65.881134
4394,64.30923
4395,60.47046
4396,56.265045
4397,72.91072
4398,61.169327
4399,49.66443
4400,54.535336
4401,72.45388
4402,71.977
4403,66.18333
4404,63.216194
4405,58.824104
4406,58.66996
4407,54.666435
4408,52.830883
4409,58.48293
4410,75.30325
4411,73.01456
4412,77.87947
4413,59.81993
4414,52.296696
4415,54.607056
4416,61.93136
4417,61.418915
4418,62.639
4419,46.830227
4420,80.24618
4421,53.293083
4422,58.986732
4423,58.488014
4424,58.95046
4425,54.67909
4426,64.50378
4427,69.73349
4428,73.060616
4429,73.025475
4430,76.80599
4431,50.94371
4432,87.22696
4433,74.367355
4434,61.552464
4435,67.558525
4436,70.87954
4437,74.951294
4438,61.245632
4439,72.08826
4440,75.55503
4441,62.086803
4442,52.87464
4443,60.29785
4444,70.4285
4445,58.6759
4446,66.40581
4447,54.465504
4448,80.78023
4449,69.15947
4450,43.28153
4451,38.823418
4452,52.870907
4453,66.56542
4454,55.074005
4455,61.40544
4456,69.19016
4457,48.141144
4458,75.8328
4459,78.31412
4460,54.646355
4461,64.16459
4462,61.02815
4463,63.677082
4464,67.53251
4465,59.173603
4466,80.91643
4467,66.34689
4468,71.99424
4469,66.25883
4470,71.27186
4471,56.54471
4472,61.99553
4473,87.433266
4474,68.98089
4475,72.33617
4476,76.81319
4477,64.16578
4478,70.231606
4479,75.25184
4480,58.332027
4481,80.28616
4482,66.714836
4483,65.23315
4484,76.00299
4485,66.44874
4486,61.480328
4487,54.878567
4488,47.137928
4489,58.216457
4490,56.63491
4491,51.165977
4492,56.021404
4493,51.20813
4494,54.840782
4495,62.84816
4496,67.23839
4497,55.658188
4498,72.52949
4499,52.946877
4500,74.535835
4501,62.01985
4502,86.69477
4503,81.76798
4504,33.482075
4505,71.155914
4506,69.1931
4507,48.318512
4508,77.518845
4509,54.82949
4510,54.250813
4511,74.55184
4512,65.40727
4513,71.23092
4514,28.839613
4515,60.05021
4516,65.67261
4517,71.81959
4518,48.28489
4519,66.674225
4520,62.12822
4521,81.46921
4522,71.158104
4523,56.869244
4524,63.366707
4525,65.39164
4526,52.309563
4527,65.49429
4528,47.769382
4529,58.018425
4530,45.964024
4531,58.328373
4532,53.912876
4533,82.06922
4534,52.15454
4535,52.93384
4536,47.290813
4537,77.61127
4538,68.4036
4539,90.729004
4540,71.0163
4541,60.969013
4542,51.313435
4543,90.357735
4544,57.278843
4545,69.40396
4546,56.083965
4547,77.59928
4548,70.342125
4549,48.110893
4550,84.37194
4551,73.78939
4552,64.267075
4553,72.569374
4554,63.24108
4555,51.48343
4556,57.673603
4557,51.693436
4558,61.20347
4559,67.367744
4560,72.70997
4561,80.32342
4562,58.334064
4563,60.462074
4564,66.87497
4565,50.838623
4566,79.04813
4567,96.43292
4568,48.58338
4569,59.453506
4570,92.31988
4571,64.822205
4572,60.64628
4573,40.59193
4574,82.956856
4575,67.7207
4576,75.155205
4577,85.773186
4578,58.630333
4579,76.54644
4580,57.806072
4581,71.777794
4582,70.37609
4583,74.01534
4584,55.46086
4585,56.683674
4586,53.44903
4587,46.376263
4588,81.16873
4589,64.434616
4590,70.06635
4591,52.423508
4592,79.383934
4593,49.69005
4594,59.828556
4595,57.298676
4596,63.068867
4597,48.242264
4598,50.18189
4599,71.28011
4600,61.9497
4601,48.775295
4602,70.67469
4603,55.959137
4604,68.20438
4605,90.25313
4606,71.33696
4607,70.14375
4608,63.64397
4609,51.29485
4610,72.77275
4611,68.97136
4612,67.810356
4613,79.57011
4614,52.995453
4615,66.427444
4616,79.07199
4617,72.65209
4618,69.90334
4619,64.04606
4620,63.465042
4621,87.54924
4622,65.3718
4623,71.53326
4624,63.78283
4625,86.91955
4626,83.3912
4627,71.98333
4628,61.414074
4629,69.59155
4630,61.927334
4631,41.749718
4632,44.79403
4633,65.2351
4634,59.925076
4635,85.59917
4636,47.5431
4637,43.796955
4638,38.624687
4639,74.39114
4640,67.18647
4641,63.792774
4642,61.639427
4643,44.03547
4644,92.21992
4645,55.862247
4646,79.86679
4647,80.79756
4648,55.05854
4649,80.177
4650,74.24003
4651,75.5767
4652,67.930595
4653,66.07713
4654,72.18024
4655,50.277454
4656,73.76257
4657,50.296597
4658,63.784126
4659,74.905136
4660,73.66896
4661,71.08458
4662,62.629097
4663,64.9915
4664,65.39811
4665,61.838486
4666,70.593864
4667,64.05258
4668,52.98469
4669,88.055984
4670,45.663116
4671,60.69527
4672,76.73057
4673,56.295807
4674,52.42738
4675,69.016975
4676,72.6545
4677,52.076874
4678,58.454895
4679,66.746025
4680,35.98737
4681,56.57551
4682,59.630833
4683,44.293762
4684,59.444706
4685,55.915424
4686,51.231796
4687,81.82593
4688,65.099045
4689,66.42069
4690,76.75009
4691,79.34271
4692,71.1311
4693,65.69014
4694,68.95093
4695,50.858643
4696,48.341633
4697,62.972507
4698,72.38872
4699,54.062775
4700,51.771835
4701,73.40745
4702,74.56833
4703,67.989746
4704,78.22215
4705,48.516754
4706,61.394207
4707,60.70504
4708,63.604954
4709,65.82399
4710,75.10151
4711,34.260723
4712,52.893486
4713,84.940636
4714,48.92674
4715,75.13077
4716,59.739883
4717,46.568134
4718,59.639584
4719,65.27804
4720,68.960205
4721,73.95584
4722,61.388203
4723,66.413445
4724,65.56234
4725,65.6782
4726,44.309734
4727,57.07916
4728,68.16148
4729,60.882767
4730,45.070103
4731,37.877045
4732,84.13382
4733,48.456703
4734,62.500103
4735,71.41875
4736,53.031055
4737,54.31276
4738,79.01106
4739,94.75243
4740,55.106323
4741,83.661674
4742,69.62575
4743,67.451416
4744,61.070953
4745,50.73584
4746,69.04172
4747,69.80343
4748,49.256504
4749,76.78895
4750,43.980457
4751,56.253548
4752,64.2648
4753,61.054104
4754,62.71719
4755,61.49583
4756,59.04172
4757,55.07689
4758,48.98856
4759,61.08764
4760,56.586437
4761,55.53263
4762,44.530174
4763,60.56372
4764,65.69923
4765,72.35381
4766,80.15177
4767,60.95249
4768,57.949833
4769,62.32445
4770,76.83658
4771,57.469727
4772,74.37555
4773,87.938644
4774,68.79074
4775,57.824306
4776,65.608215
4777,52.86243
4778,59.405724
4779,41.268585
4780,58.762077
4781,60.935966
4782,62.876568
4783,79.84865
4784,49.035797
4785,48.261326
4786,51.381443
4787,73.93471
4788,54.301346
4789,81.50091
4790,51.519413
4791,61.408978
4792,68.502144
4793,79.055725
4794,43.33566
4795,62.683834
4796,61.68067
4797,75.26167
4798,84.79708
4799,61.87461
4800,49.769234
4801,67.41743
4802,77.16408
4803,59.47952
4804,87.883606
4805,55.2633
4806,69.53902
4807,59.850727
4808,58.362514
4809,54.665195
4810,68.88587
4811,70.42149
4812,80.16441
4813,78.59278
4814,65.468216
4815,62.30052
4816,85.46081
4817,70.8144
4818,68.885124
4819,57.772602
4820,82.51682
4821,71.382935
4822,73.095726
4823,71.96133
4824,79.574905
4825,62.20306
4826,45.619316
4827,82.10212
4828,48.80707
4829,58.39277
4830,67.883575
4831,79.63477
4832,42.35852
4833,76.95376
4834,51.28904
4835,54.6673
4836,41.500748
4837,75.23553
4838,72.65512
4839,84.31564
4840,72.94111
4841,70.9375
4842,63.685246
4843,73.8604
4844,41.654694
4845,63.095394
4846,64.76552
4847,67.568565
4848,78.831215
4849,51.68688
4850,41.241863
4851,57.63606
4852,61.745956
4853,64.18118
4854,60.166454
4855,66.81913
4856,62.603474
4857,47.34802
4858,69.5483
4859,60.724953
4860,61.756123
4861,57.11697
4862,60.711746
4863,77.94027
4864,44.606815
4865,71.40692
4866,67.65552
4867,75.612885
4868,78.59273
4869,82.15976
4870,77.380714
4871,81.46386
4872,54.171
4873,78.279366
4874,40.4255
4875,74.11531
4876,58.991737
4877,51.144444
4878,68.11436
4879,58.27741
4880,93.17895
4881,67.84001
4882,37.863655
4883,70.796364
4884,68.27318
4885,50.947384
4886,60.133797
4887,78.219696
4888,58.67673
4889,64.4188
4890,51.628025
4891,48.59843
4892,64.07665
4893,93.66472
4894,85.13956
4895,62.500072
4896,61.594624
4897,73.54126
4898,58.112976
4899,101.17565
4900,62.78952
4901,81.14594
4902,71.008026
4903,61.898426
4904,69.01884
4905,72.71638
4906,53.129982
4907,73.419876
4908,61.34938
4909,69.998795
4910,80.998634
4911,65.32065
4912,61.73791
4913,39.015842
4914,74.93062
4915,45.611042
4916,79.475235
4917,53.93928
4918,68.32448
4919,50.21115
4920,67.387955
4921,60.280533
4922,49.334362
4923,43.65413
4924,63.938805
4925,59.33669
4926,70.29236
4927,71.62205
4928,64.597084
4929,69.66763
4930,73.95301
4931,72.18947
4932,68.72403
4933,55.32908
4934,52.707508
4935,65.39814
4936,68.00998
4937,75.226654
4938,53.30424
4939,53.83572
4940,76.337685
4941,63.937824
4942,86.0323
4943,50.806175
4944,70.490074
4945,74.69933
4946,58.03255
4947,63.666428
4948,75.07249
4949,55.58089
4950,48.969074
4951,50.20515
4952,72.80126
4953,67.75655
4954,81.79278
4955,60.22987
4956,57.532864
4957,77.53674
4958,69.78414
4959,52.386658
4960,78.30218
4961,75.840675
4962,64.52205
4963,65.323586
4964,40.205585
4965,66.15967
4966,45.72086
4967,85.60541
4968,48.2766
4969,51.87702
4970,55.116924
4971,74.77035
4972,73.53122
4973,64.55953
4974,53.213196
4975,71.25041
4976,66.80898
4977,83.342125
4978,49.855633
4979,68.942
4980,39.267113
4981,50.464817
4982,72.21278
4983,59.006027
4984,70.931274
4985,83.16944
4986,89.863014
4987,58.600727
4988,56.6432
4989,64.977234
4990,58.155334
4991,67.71885
4992,50.606846
4993,82.562096
4994,63.094166
4995,68.3894
4996,59.45569
4997,59.46208
4998,89.76888
4999,70.339355
5000,64.777214
5001,49.019234
5002,48.5025
5003,93.42084
5004,89.833206
5005,59.768932
5006,70.09797
5007,51.186512
5008,59.176212
5009,64.600586
5010,65.47465
5011,68.48446
5012,45.52931
5013,41.595257
5014,75.7562
5015,48.22867
5016,48.31853
5017,62.47375
5018,58.07523
5019,64.90072
5020,80.00871
5021,49.38736
5022,80.67687
5023,47.246563
5024,82.37093
5025,59.50434
5026,65.864975
5027,68.01051
5028,70.249916
5029,48.663868
5030,68.60193
5031,56.570232
5032,56.598343
5033,56.224392
5034,56.072556
5035,64.93838
5036,72.49548
5037,44.449024
5038,54.425198
5039,55.59338
5040,42.179115
5041,49.011723
5042,93.19031
5043,56.390457
5044,73.877075
5045,54.699203
5046,77.23272
5047,53.571255
5048,54.327984
5049,53.897236
5050,75.4975
5051,79.40245
5052,67.81097
5053,62.434055
5054,63.95485
5055,56.13639
5056,70.72393
5057,67.56245
5058,79.5475
5059,65.48399
5060,55.596252
5061,60.69221
5062,68.57116
5063,71.624016
5064,77.51394
5065,71.294044
5066,82.81076
5067,68.39415
5068,69.095764
5069,70.446365
5070,66.72034
5071,56.974712
5072,57.606384
5073,77.18434
5074,82.72044
5075,54.705997
5076,62.032894
5077,69.02546
5078,81.57643
5079,46.191692
5080,48.766045
5081,56.469486
5082,71.73852
5083,64.15374
5084,50.414944
5085,95.847206
5086,81.1968
5087,82.35247
5088,73.85468
5089,55.025814
5090,47.97743
5091,59.41276
5092,70.80929
5093,63.765026
5094,60.07532
5095,60.053013
5096,67.693245
5097,60.119297
5098,49.79979
5099,71.732056
5100,74.52383
5101,40.53687
5102,61.884655
5103,90.44612
5104,39.594555
5105,58.86673
5106,71.27332
5107,85.18269
5108,65.35083
5109,59.50859
5110,71.88498
5111,52.135166
5112,71.25295
5113,72.92328
5114,47.095467
5115,75.648346
5116,75.139206
5117,64.4371
5118,40.230164
5119,67.43897
5120,61.17503
5121,56.996784
5122,64.471985
5123,85.70012
5124,56.880955
5125,72.655174
5126,73.105125
5127,60.20566
5128,58.5239
5129,46.35244
5130,51.038822
5131,63.271873
5132,57.720375
5133,62.65111
5134,70.58493
5135,52.271824
5136,80.7224
5137,67.28122
5138,81.08403
5139,75.87244
5140,52.653843
5141,60.50315
5142,66.489334
5143,67.12301
5144,52.494812
5145,56.18235
5146,65.71787
5147,53.75943
5148,69.49702
5149,83.454056
5150,78.48309
5151,58.15227
5152,66.01895
5153,94.00476
5154,79.11949
5155,58.0601
5156,68.82904
5157,83.07186
5158,53.195393
5159,60.19211
5160,64.01162
5161,53.73403
5162,67.12931
5163,42.5075
5164,53.14356
5165,77.80563
5166,51.7059
5167,51.124718
5168,87.908005
5169,72.21587
5170,49.639275
5171,64.47804
5172,46.661293
5173,72.543205
5174,53.4325
5175,59.01611
5176,54.412914
5177,56.875988
5178,62.376595
5179,50.996586
5180,70.19708
5181,65.86003
5182,70.74451
5183,57.701057
5184,54.192112
5185,59.46608
5186,57.83258
5187,74.17596
5188,45.98113
5189,57.27002
5190,77.23296
5191,56.52174
5192,51.944897
5193,60.934105
5194,52.99386
5195,66.23779
5196,62.73722
5197,66.02381
5198,68.62604
5199,81.60328
5200,60.752953
5201,54.596867
5202,63.907894
5203,73.878204
5204,76.548386
5205,92.08852
5206,65.595924
5207,49.64225
5208,58.871742
5209,48.77103
5210,52.916294
5211,61.548504
5212,56.32137
5213,69.791885
5214,69.56203
5215,53.143673
5216,75.62967
5217,69.942024
5218,42.02288
5219,68.1515
5220,68.663574
5221,51.25869
5222,76.350204
5223,67.922646
5224,42.99331
5225,81.47622
5226,61.904816
5227,40.451397
5228,41.77761
5229,90.72263
5230,63.78557
5231,58.183838
5232,54.372444
5233,74.18181
5234,50.42708
5235,79.68095
5236,61.311497
5237,56.2716
5238,73.38468
5239,66.288704
5240,64.36977
5241,87.70414
5242,67.33972
5243,73.188934
5244,87.807556
5245,64.79139
5246,60.599384
5247,73.226364
5248,71.04888
5249,57.132423
5250,73.588
5251,64.73703
5252,58.556866
5253,44.248352
5254,71.63484
5255,53.90401
5256,76.17381
5257,53.70418
5258,62.144966
5259,48.81114
5260,60.49929
5261,61.96664
5262,59.253258
5263,58.82174
5264,78.50325
5265,58.927914
5266,65.34805
5267,44.20996
5268,70.82262
5269,80.12253
5270,54.381535
5271,45.328953
5272,70.43973
5273,80.32664
5274,73.29484
5275,76.27823
5276,78.319466
5277,60.61323
5278,53.841705
5279,71.32684
5280,64.46729
5281,85.179504
5282,54.380196
5283,66.12453
5284,82.87028
5285,73.301544
5286,73.483795
5287,63.837257
5288,65.336815
5289,82.267975
5290,67.531296
5291,57.65197
5292,56.25456
5293,71.54784
5294,48.894382
5295,71.47952
5296,38.808243
5297,47.587494
5298,52.264713
5299,82.69246
5300,80.63682
5301,63.67312
5302,41.712048
5303,67.80523
5304,60.854862
5305,99.10472
5306,37.517773
5307,64.20149
5308,63.809074
5309,86.27041
5310,47.38578
5311,76.50679
5312,78.56334
5313,53.61708
5314,63.244175
5315,53.610588
5316,48.052216
5317,49.7065
5318,57.42328
5319,95.36709
5320,60.607693
5321,48.52433
5322,49.87806
5323,67.306305
5324,56.974907
5325,48.81125
5326,76.1378
5327,85.48465
5328,75.49109
5329,58.881947
5330,64.66608
5331,79.70626
5332,61.148514
5333,67.91961
5334,71.63736
5335,58.1691
5336,50.69223
5337,79.72176
5338,91.32776
5339,72.9402
5340,79.236435
5341,76.35764
5342,82.09525
5343,75.73947
5344,63.38567
5345,62.060894
5346,88.205635
5347,65.70364
5348,58.78864
5349,59.183968
5350,74.79784
5351,60.88536
5352,82.98051
5353,65.09207
5354,61.149094
5355,70.000626
5356,45.419468
5357,39.515137
5358,82.01697
5359,64.89043
5360,71.56233
5361,48.372833
5362,69.59245
5363,65.841606
5364,77.290054
5365,43.554626
5366,50.708717
5367,49.770195
5368,62.38164
5369,53.151352
5370,73.24146
5371,58.571793
5372,55.966824
5373,63.824192
5374,60.398502
5375,52.735115
5376,68.38122
5377,71.43087
5378,48.971638
5379,61.97991
5380,60.25558
5381,73.749825
5382,52.963947
5383,61.55562
5384,57.502735
5385,61.803677
5386,59.006565
5387,51.50811
5388,45.76005
5389,58.893578
5390,55.300167
5391,74.71469
5392,93.73859
5393,52.111454
5394,59.897144
5395,66.60126
5396,81.28709
5397,62.31679
5398,77.31208
5399,72.16234
5400,69.71945
5401,57.611862
5402,68.64404
5403,46.34973
5404,77.77517
5405,59.40749
5406,80.43938
5407,62.98358
5408,67.910614
5409,54.871643
5410,83.29147
5411,57.721462
5412,43.062813
5413,80.77326
5414,49.799324
5415,83.252625
5416,61.09146
5417,50.510292
5418,51.815
5419,73.26769
5420,51.818188
5421,54.58996
5422,70.68027
5423,39.566223
5424,38.988953
5425,57.345776
5426,64.07088
5427,70.91069
5428,81.55413
5429,72.03834
5430,58.589195
5431,55.266815
5432,56.54143
5433,56.410576
5434,67.71062
5435,70.10013
5436,44.07181
5437,76.54289
5438,47.53506
5439,55.482777
5440,76.286064
5441,60.241127
5442,80.6813
5443,70.835304
5444,86.869545
5445,64.7748
5446,74.28063
5447,86.09792
5448,66.5789
5449,51.423145
5450,70.35428
5451,57.84894
5452,58.08841
5453,51.523224
5454,76.2991
5455,68.24618
5456,68.90596
5457,74.20051
5458,65.64542
5459,79.88491
5460,81.055275
5461,64.930374
5462,84.95343
5463,83.65435
5464,49.290146
5465,82.135765
5466,70.616035
5467,75.09342
5468,67.51235
5469,73.789635
5470,74.30553
5471,64.23487
5472,62.703327
5473,69.15514
5474,94.15187
5475,61.71527
5476,56.379513
5477,60.380886
5478,61.808712
5479,59.15878
5480,63.214188
5481,69.97163
5482,64.39847
5483,71.538124
5484,64.9704
5485,61.33401
5486,81.02112
5487,60.58064
5488,70.4103
5489,66.92801
5490,68.957985
5491,55.560154
5492,61.894997
5493,76.19677
5494,73.54699
5495,82.438156
5496,72.51918
5497,75.203316
5498,56.541378
5499,46.92242
5500,77.68093
5501,80.04113
5502,64.68287
5503,73.785866
5504,58.045708
5505,83.031746
5506,70.44605
5507,77.870964
5508,58.51197
5509,99.91333
5510,63.283985
5511,68.58044
5512,41.9511
5513,78.71572
5514,56.908924
5515,72.16313
5516,63.369423
5517,54.73382
5518,82.39109
5519,59.976517
5520,78.92193
5521,44.862724
5522,79.73514
5523,51.91681
5524,62.577614
5525,56.12435
5526,74.62191
5527,49.5143
5528,59.943295
5529,50.2006
5530,68.70967
5531,64.07772
5532,56.362213
5533,61.4121
5534,71.10558
5535,67.33878
5536,68.91053
5537,44.26925
5538,48.276714
5539,78.591965
5540,53.04957
5541,75.03478
5542,65.9066
5543,63.594036
5544,81.35106
5545,66.41577
5546,49.172836
5547,56.395355
5548,71.48772
5549,68.47701
5550,91.74971
5551,67.90637
5552,43.694973
5553,78.93627
5554,57.408443
5555,48.185028
5556,74.858505
5557,53.200375
5558,82.196915
5559,60.776176
5560,53.386948
5561,59.41931
5562,50.513523
5563,59.689106
5564,66.92479
5565,55.04318
5566,55.59349
5567,49.714886
5568,63.11313
5569,53.242863
5570,95.9772
5571,62.17223
5572,82.9343
5573,41.738953
5574,76.858665
5575,77.33271
5576,67.18679
5577,54.362114
5578,52.367393
5579,78.263916
5580,60.16007
5581,59.372246
5582,58.375504
5583,63.244247
5584,78.59204
5585,67.32237
5586,75.34115
5587,87.28736
5588,62.05139
5589,84.64659
5590,50.511093
5591,82.80943
5592,68.15953
5593,70.974884
5594,69.64192
5595,55.64699
5596,72.00021
5597,75.569824
5598,60.979057
5599,64.33154
5600,92.059425
5601,85.132805
5602,40.63628
5603,55.50108
5604,49.072437
5605,64.763466
5606,56.441414
5607,69.46513
5608,49.607582
5609,57.037106
5610,71.15663
5611,66.62967
5612,52.56969
5613,41.998627
5614,52.82283
5615,71.58579
5616,73.1025
5617,67.54403
5618,72.83385
5619,71.35734
5620,79.814674
5621,73.8165
5622,50.69115
5623,56.587463
5624,66.42386
5625,81.95237
5626,61.34543
5627,51.074146
5628,56.123276
5629,52.88694
5630,75.46711
5631,85.304184
5632,66.40374
5633,53.446377
5634,74.75938
5635,54.916405
5636,79.84963
5637,72.019356
5638,63.782192
5639,50.274418
5640,85.02305
5641,77.599205
5642,78.478905
5643,60.219276
5644,59.952328
5645,68.647125
5646,75.150085
5647,64.61909
5648,46.989162
5649,65.0833
5650,67.45164
5651,71.84666
5652,62.927963
5653,51.99578
5654,60.160515
5655,58.702175
5656,73.794205
5657,53.53634
5658,51.55535
5659,67.95517
5660,86.44182
5661,47.633366
5662,80.241745
5663,54.16484
5664,89.71393
5665,85.38541
5666,73.55511
5667,60.377766
5668,73.08669
5669,60.3955
5670,69.48889
5671,72.77234
5672,86.45033
5673,66.803505
5674,39.11364
5675,74.43326
5676,78.06946
5677,62.898678
5678,64.88938
5679,68.2063
5680,71.47258
5681,41.634796
5682,74.1118
5683,67.80596
5684,78.690926
5685,59.758575
5686,61.29922
5687,101.23776
5688,69.224434
5689,57.92775
5690,63.66056
5691,50.306118
5692,76.32429
5693,77.80614
5694,59.609985
5695,82.534
5696,62.490932
5697,65.56539
5698,68.84555
5699,75.46962
5700,78.51245
5701,57.530582
5702,62.59133
5703,70.2365
5704,47.07772
5705,84.63972
5706,74.99524
5707,57.68669
5708,61.905857
5709,76.82086
5710,58.931057
5711,78.77036
5712,69.25236
5713,59.09284
5714,60.338737
5715,59.58985
5716,61.746696
5717,67.534996
5718,51.38557
5719,53.233997
5720,45.30785
5721,71.03936
5722,58.551456
5723,69.65728
5724,30.643726
5725,62.727573
5726,67.131096
5727,68.047325
5728,45.68722
5729,76.192505
5730,54.028572
5731,53.345276
5732,81.84395
5733,45.941925
5734,56.145912
5735,65.792786
5736,53.134613
5737,48.367596
5738,66.940674
5739,58.166367
5740,60.42132
5741,64.826225
5742,51.481842
5743,72.37255
5744,70.96349
5745,74.50951
5746,53.206722
5747,63.1911
5748,41.781242
5749,57.36571
5750,75.01974
5751,70.069885
5752,67.428856
5753,74.57443
5754,50.4308
5755,71.52405
5756,48.901627
5757,77.66616
5758,65.93355
5759,57.701004
5760,72.715485
5761,74.27439
5762,62.50431
5763,70.87506
5764,75.13237
5765,46.557953
5766,59.82417
5767,75.6823
5768,71.65826
5769,78.39691
5770,61.894028
5771,77.17076
5772,73.89306
5773,48.45632
5774,55.87163
5775,54.174377
5776,57.775196
5777,80.02744
5778,66.83146
5779,60.682484
5780,52.036377
5781,50.122234
5782,50.41485
5783,54.500187
5784,85.44885
5785,69.80131
5786,46.58246
5787,63.164436
5788,62.930866
5789,60.62096
5790,68.214966
5791,65.620476
5792,38.423115
5793,58.417255
5794,81.542496
5795,60.278114
5796,61.220688
5797,45.945396
5798,73.187035
5799,62.194744
5800,69.55735
5801,87.88528
5802,48.94947
5803,70.61971
5804,71.00468
5805,58.935326
5806,46.736534
5807,72.24568
5808,70.294205
5809,67.37384
5810,68.18688
5811,55.6267
5812,52.026604
5813,55.04413
5814,76.42263
5815,68.92751
5816,64.12067
5817,62.363712
5818,69.543945
5819,50.66099
5820,64.98369
5821,82.33492
5822,39.749134
5823,72.74391
5824,75.16699
5825,71.983444
5826,64.9594
5827,57.590694
5828,56.896545
5829,50.874958
5830,61.473972
5831,77.28668
5832,52.792526
5833,54.23471
5834,49.659748
5835,64.12419
5836,53.82805
5837,64.7447
5838,58.466957
5839,63.341995
5840,68.39889
5841,73.00461
5842,62.81063
5843,78.05677
5844,54.876225
5845,67.94523
5846,55.667515
5847,63.33661
5848,56.21329
5849,75.60905
5850,60.169704
5851,49.949013
5852,68.32731
5853,59.842762
5854,64.52176
5855,83.59295
5856,64.16383
5857,80.04752
5858,59.658535
5859,79.86455
5860,55.182487
5861,66.36111
5862,55.822365
5863,59.541965
5864,88.719955
5865,43.903267
5866,56.69244
5867,74.615616
5868,59.084736
5869,73.115486
5870,73.88382
5871,62.615746
5872,52.492535
5873,48.791424
5874,72.26376
5875,72.04794
5876,66.84627
5877,57.985077
5878,72.237785
5879,57.845547
5880,56.20762
5881,61.64859
5882,64.34323
5883,62.02985
5884,75.22163
5885,63.181686
5886,51.72433
5887,77.333694
5888,72.94153
5889,87.55624
5890,49.51292
5891,76.13138
5892,59.863155
5893,52.243477
5894,64.20509
5895,70.214096
5896,67.782074
5897,70.093666
5898,56.14709
5899,39.64591
5900,70.61853
5901,66.49055
5902,48.97901
5903,62.593956
5904,48.80757
5905,65.53043
5906,56.962425
5907,62.622993
5908,50.990974
5909,80.97923
5910,49.449306
5911,67.59292
5912,47.26909
5913,59.90319
5914,66.45911
5915,62.471962
5916,75.874626
5917,77.85157
5918,62.208878
5919,49.24209
5920,73.3426
5921,62.401924
5922,65.50645
5923,86.15862
5924,55.816837
5925,68.813705
5926,66.8106
5927,61.598755
5928,82.838936
5929,67.37949
5930,83.848015
5931,49.8
5932,61.596416
5933,44.750175
5934,55.655518
5935,63.613865
5936,59.858578
5937,76.60384
5938,59.27751
5939,71.31777
5940,83.1416
5941,82.522385
5942,61.479572
5943,57.889355
5944,55.290382
5945,50.88358
5946,62.40595
5947,50.186047
5948,64.77918
5949,66.53853
5950,49.471268
5951,38.69419
5952,65.64147
5953,69.476074
5954,57.57415
5955,74.82252
5956,62.774586
5957,53.34987
5958,92.978836
5959,68.55396
5960,59.793194
5961,51.980812
5962,48.68434
5963,82.310905
5964,61.298008
5965,82.38569
5966,66.73945
5967,54.22117
5968,70.89053
5969,57.392937
5970,51.47227
5971,48.827976
5972,42.560616
5973,69.01506
5974,43.673775
5975,73.89484
5976,72.13068
5977,60.05125
5978,71.25892
5979,67.82715
5980,82.87596
5981,42.02752
5982,78.89793
5983,86.10851
5984,79.15177
5985,64.81833
5986,38.697746
5987,57.208458
5988,78.65064
5989,85.72976
5990,44.713905
5991,46.41224
5992,65.743614
5993,94.71208
5994,51.5174
5995,74.58873
5996,79.3849
5997,68.50958
5998,47.285095
5999,64.34278
6000,62.59933
6001,67.00074
6002,63.92149
6003,73.839935
6004,66.86191
6005,58.758614
6006,80.12341
6007,71.850975
6008,58.688217
6009,61.173805
6010,50.349236
6011,55.259827
6012,60.49528
6013,81.938736
6014,62.88201
6015,82.41809
6016,66.87741
6017,57.01965
6018,72.11154
6019,73.428055
6020,51.76212
6021,69.80243
6022,66.05612
6023,71.292625
6024,71.55192
6025,61.726364
6026,85.75504
6027,99.41567
6028,65.836716
6029,77.320305
6030,73.27485
6031,59.617516
6032,69.05342
6033,80.61073
6034,94.13444
6035,64.99317
6036,64.036705
6037,62.81363
6038,63.20718
6039,73.569595
6040,49.673916
6041,86.23718
6042,55.893734
6043,84.81067
6044,95.982864
6045,78.781654
6046,82.79305
6047,64.8686
6048,42.724716
6049,49.35791
6050,52.510838
6051,34.380238
6052,55.725685
6053,64.88759
6054,64.8564
6055,64.65466
6056,69.579384
6057,47.701183
6058,31.019075
6059,48.275936
6060,78.337944
6061,62.759678
6062,44.890198
6063,55.618256
6064,71.03177
6065,55.228813
6066,54.928513
6067,67.86742
6068,76.991196
6069,61.94901
6070,63.587517
6071,57.88295
6072,57.39493
6073,66.77376
6074,48.00864
6075,67.511856
6076,87.29244
6077,63.26229
6078,73.68188
6079,68.750374
6080,79.66913
6081,42.400665
6082,75.37251
6083,66.65215
6084,55.240135
6085,67.681366
6086,54.343605
6087,41.543163
6088,56.835773
6089,67.9992
6090,72.773186
6091,48.682796
6092,44.503304
6093,69.57105
6094,69.235565
6095,63.49234
6096,86.99927
6097,79.94511
6098,63.039524
6099,60.08294
6100,71.77328
6101,72.92875
6102,72.634224
6103,59.334126
6104,56.42954
6105,58.200104
6106,46.889133
6107,58.23858
6108,53.42772
6109,47.5096
6110,53.87231
6111,53.27137
6112,79.834595
6113,59.433506
6114,65.61695
6115,76.49231
6116,61.573578
6117,56.812492
6118,73.60456
6119,46.777737
6120,71.44704
6121,52.984592
6122,87.439545
6123,60.82475
6124,73.960495
6125,75.509224
6126,49.1042
6127,51.55903
6128,54.812004
6129,54.87475
6130,68.07299
6131,57.13838
6132,51.884808
6133,85.312294
6134,65.94478
6135,59.124454
6136,58.514713
6137,67.81338
6138,64.58383
6139,53.360558
6140,74.332375
6141,73.02391
6142,85.0009
6143,64.31016
6144,58.931053
6145,60.327137
6146,57.30645
6147,57.66068
6148,47.920055
6149,56.770947
6150,56.928173
6151,54.992115
6152,56.82372
6153,57.110523
6154,64.87191
6155,45.446186
6156,58.8553
6157,67.06689
6158,66.07546
6159,73.54416
6160,87.79831
6161,75.3219
6162,75.53609
6163,64.019066
6164,74.77015
6165,55.596085
6166,60.717087
6167,90.180305
6168,69.57977
6169,51.24661
6170,75.29031
6171,64.17889
6172,69.2111
6173,48.492104
6174,45.73705
6175,55.58103
6176,68.19275
6177,63.274044
6178,68.11577
6179,57.34275
6180,72.7533
6181,64.556206
6182,61.866615
6183,61.08067
6184,72.39566
6185,62.746105
6186,57.500076
6187,57.615578
6188,81.41678
6189,87.08015
6190,53.03482
6191,65.959694
6192,55.385635
6193,51.71366
6194,52.08049
6195,71.67345
6196,54.447
6197,88.04603
6198,63.70845
6199,52.20817
6200,57.429012
6201,81.43485
6202,91.252884
6203,80.22123
6204,66.58422
6205,98.345375
6206,55.072056
6207,52.136005
6208,66.24447
6209,80.88726
6210,60.95421
6211,53.1929
6212,76.86755
6213,55.453278
6214,48.753857
6215,68.84402
6216,75.864525
6217,66.7134
6218,57.37241
6219,65.606285
6220,57.534374
6221,60.46167
6222,53.253426
6223,81.093376
6224,51.460255
6225,90.93384
6226,64.07964
6227,64.70882
6228,79.17068
6229,67.74539
6230,63.57792
6231,77.12426
6232,61.95471
6233,60.078705
6234,59.32852
6235,55.88361
6236,45.28897
6237,70.68781
6238,62.12836
6239,64.04046
6240,62.676712
6241,54.26007
6242,60.017128
6243,83.56351
6244,69.24275
6245,50.52916
6246,56.662838
6247,64.08916
6248,52.60679
6249,77.39465
6250,71.00504
6251,56.392387
6252,49.377483
6253,55.275993
6254,56.355824
6255,67.91102
6256,72.58712
6257,68.256065
6258,58.780167
6259,60.82458
6260,63.196728
6261,55.584343
6262,51.953
6263,70.95254
6264,65.268906
6265,68.70448
6266,78.10897
6267,51.76549
6268,61.105427
6269,96.85608
6270,59.671978
6271,43.20045
6272,55.649345
6273,48.03189
6274,90.26612
6275,65.45531
6276,74.54829
6277,39.794777
6278,52.75937
6279,54.954926
6280,74.34132
6281,68.583626
6282,55.319336
6283,68.55265
6284,76.084724
6285,62.191685
6286,45.023598
6287,44.135098
6288,64.4786
6289,48.043915
6290,54.112713
6291,60.92061
6292,55.1704
6293,55.19172
6294,64.37763
6295,82.10908
6296,65.981445
6297,66.11369
6298,72.13277
6299,67.48332
6300,54.43165
6301,47.278625
6302,69.468475
6303,53.403793
6304,67.93778
6305,44.1842
6306,65.059166
6307,57.56411
6308,50.006256
6309,66.93319
6310,83.45619
6311,61.6255
6312,54.492626
6313,73.230934
6314,89.156395
6315,70.96786
6316,73.35779
6317,54.643566
6318,69.21479
6319,62.060364
6320,77.93066
6321,64.81138
6322,58.815807
6323,63.37755
6324,63.92235
6325,55.11492
6326,56.470818
6327,52.944668
6328,69.3723
6329,46.847805
6330,83.85115
6331,66.58994
6332,75.93888
6333,66.016884
6334,80.05386
6335,88.97222
6336,56.56674
6337,79.0154
6338,64.739296
6339,66.852135
6340,62.345886
6341,77.16566
6342,64.45573
6343,67.91212
6344,71.494804
6345,56.718483
6346,51.25993
6347,62.97118
6348,57.02959
6349,55.745724
6350,70.25908
6351,73.10088
6352,81.56544
6353,62.52796
6354,69.7971
6355,81.67234
6356,68.15153
6357,79.24062
6358,79.00276
6359,69.38444
6360,74.54747
6361,72.164185
6362,70.83089
6363,68.44545
6364,61.330116
6365,54.07191
6366,67.26914
6367,44.817795
6368,48.51905
6369,61.534477
6370,70.885826
6371,54.320484
6372,60.81333
6373,64.71458
6374,57.817024
6375,66.253944
6376,68.114365
6377,65.128174
6378,46.592487
6379,67.30606
6380,55.91405
6381,59.43324
6382,77.65843
6383,63.017017
6384,52.585304
6385,80.11043
6386,62.374584
6387,36.80033
6388,67.6905
6389,61.66947
6390,80.39745
6391,75.680855
6392,49.1972
6393,85.681816
6394,58.432156
6395,72.75802
6396,73.36156
6397,40.64344
6398,64.378136
6399,43.76606
6400,57.489235
6401,64.13446
6402,54.238842
6403,73.81218
6404,83.53947
6405,75.06221
6406,67.57009
6407,54.92708
6408,59.708645
6409,54.885284
6410,59.434055
6411,62.13637
6412,59.058548
6413,47.28388
6414,53.336235
6415,50.085594
6416,66.73286
6417,72.181435
6418,64.73334
6419,54.582424
6420,71.247
6421,58.023903
6422,60.112724
6423,56.813194
6424,99.67132
6425,59.364883
6426,73.63785
6427,70.475716
6428,75.49919
6429,51.38931
6430,64.273186
6431,76.435646
6432,64.74795
6433,44.31026
6434,61.598244
6435,72.21388
6436,59.396046
6437,71.34348
6438,84.53426
6439,44.83273
6440,82.05471
6441,67.30138
6442,74.110886
6443,62.517906
6444,60.83067
6445,60.80434
6446,60.79001
6447,81.214134
6448,55.22266
6449,76.11511
6450,64.53531
6451,65.434006
6452,86.747055
6453,58.560043
6454,44.061516
6455,68.23006
6456,63.56544
6457,57.172142
6458,66.27444
6459,56.382393
6460,66.47817
6461,72.45139
6462,43.344433
6463,54.720493
6464,76.66045
6465,65.501076
6466,63.749447
6467,63.421432
6468,65.23341
6469,77.79954
6470,59.60709
6471,59.43601
6472,54.368526
6473,63.505245
6474,59.768734
6475,53.30708
6476,53.501995
6477,50.072105
6478,55.430523
6479,60.596767
6480,57.284107
6481,72.512085
6482,80.90691
6483,43.846336
6484,78.021286
6485,68.23532
6486,59.50109
6487,64.2287
6488,93.40641
6489,57.85247
6490,80.04102
6491,57.121185
6492,57.606743
6493,64.93375
6494,62.040527
6495,58.335384
6496,64.517654
6497,57.136166
6498,76.89703
6499,76.186966
6500,49.12249
6501,77.228645
6502,56.594173
6503,68.26748
6504,68.13405
6505,53.494205
6506,70.63379
6507,63.87464
6508,71.246635
6509,68.94678
6510,60.993645
6511,57.872375
6512,80.799965
6513,73.962944
6514,65.06317
6515,67.433
6516,80.462875
6517,68.78668
6518,58.340694
6519,71.94577
6520,60.006195
6521,67.14241
6522,40.760883
6523,71.72817
6524,75.922745
6525,54.164024
6526,73.3751
6527,60.207924
6528,65.39553
6529,66.008095
6530,49.71269
6531,63.48601
6532,55.01632
6533,49.090115
6534,48.132908
6535,80.06032
6536,65.76589
6537,84.120514
6538,50.402885
6539,52.19379
6540,70.9429
6541,75.7937
6542,56.86632
6543,38.496284
6544,56.76659
6545,48.009796
6546,81.08985
6547,34.735188
6548,48.384563
6549,52.93997
6550,88.47466
6551,72.05193
6552,56.486004
6553,60.214676
6554,74.035995
6555,56.247116
6556,46.591396
6557,74.29588
6558,60.391956
6559,60.66449
6560,69.38658
6561,57.387535
6562,76.35599
6563,71.23295
6564,73.60466
6565,66.825195
6566,78.81327
6567,61.54128
6568,54.328617
6569,89.41671
6570,66.573
6571,62.44866
6572,86.349335
6573,58.906254
6574,59.769592
6575,53.637455
6576,63.06623
6577,71.77164
6578,78.979004
6579,61.21923
6580,65.564415
6581,48.219395
6582,63.260605
6583,76.06604
6584,51.70704
6585,66.38516
6586,74.04977
6587,67.68214
6588,73.52593
6589,81.92166
6590,57.033466
6591,75.1012
6592,50.860718
6593,68.28497
6594,46.169426
6595,58.722492
6596,72.096664
6597,63.88569
6598,43.696068
6599,46.65597
6600,55.554585
6601,76.78726
6602,65.51543
6603,81.593605
6604,61.206757
6605,71.92166
6606,70.96205
6607,67.92794
6608,59.787323
6609,68.96731
6610,64.68133
6611,54.711212
6612,64.21298
6613,57.929592
6614,81.57213
6615,57.617237
6616,44.381245
6617,62.150185
6618,61.103977
6619,52.950336
6620,73.07895
6621,84.11368
6622,62.111225
6623,62.081577
6624,56.242897
6625,51.111454
6626,59.208015
6627,72.855225
6628,70.689575
6629,47.67505
6630,69.06105
6631,69.32912
6632,66.91661
6633,61.204945
6634,101.28396
6635,47.571915
6636,79.0624
6637,74.61446
6638,51.763344
6639,66.77326
6640,63.49591
6641,66.73567
6642,69.08674
6643,55.909054
6644,62.07975
6645,67.08663
6646,67.15651
6647,79.63714
6648,70.83306
6649,72.38796
6650,67.738144
6651,78.54452
6652,77.60507
6653,72.36823
6654,84.82133
6655,70.000206
6656,61.235622
6657,67.2449
6658,70.58934
6659,68.130325
6660,91.558426
6661,73.082855
6662,60.409153
6663,82.47232
6664,46.561832
6665,79.868866
6666,69.91242
6667,47.253902
6668,71.48716
6669,54.13566
6670,67.64738
6671,78.150505
6672,82.52299
6673,62.20562
6674,56.183353
6675,51.68027
6676,70.46005
6677,76.33763
6678,72.43035
6679,71.02236
6680,53.61138
6681,67.34688
6682,45.192307
6683,64.472595
6684,71.8862
6685,70.53051
6686,78.19
6687,54.499737
6688,39.11929
6689,61.052376
6690,71.99225
6691,63.150314
6692,80.00615
6693,60.66941
6694,67.08423
6695,58.161865
6696,89.47239
6697,54.205376
6698,84.71522
6699,60.840027
6700,66.06786
6701,99.84302
6702,81.49402
6703,69.56077
6704,74.90004
6705,77.26128
6706,78.20767
6707,66.73371
6708,66.18242
6709,80.84585
6710,47.263756
6711,48.22725
6712,56.2305
6713,49.99563
6714,49.161198
6715,59.847645
6716,63.410625
6717,68.48717
6718,68.52166
6719,82.19989
6720,70.72759
6721,52.963623
6722,94.58202
6723,77.96657
6724,51.48081
6725,73.7826
6726,74.32926
6727,62.774845
6728,85.086655
6729,74.37678
6730,70.71732
6731,46.13181
6732,59.20042
6733,51.48241
6734,67.11149
6735,73.93406
6736,71.29846
6737,72.24796
6738,58.888363
6739,58.38401
6740,55.6412
6741,98.471375
6742,77.90915
6743,72.74586
6744,70.72216
6745,74.23685
6746,49.001793
6747,79.54825
6748,59.919254
6749,68.61666
6750,54.433094
6751,73.8504
6752,58.49235
6753,82.648834
6754,64.30837
6755,51.37862
6756,46.3291
6757,71.52107
6758,54.287537
6759,57.824768
6760,68.489975
6761,83.53946
6762,72.9603
6763,45.122818
6764,58.672062
6765,69.48223
6766,48.452328
6767,70.670784
6768,60.94799
6769,66.222534
6770,62.305275
6771,79.28221
6772,61.861053
6773,69.81003
6774,77.91609
6775,62.057796
6776,75.103226
6777,76.76745
6778,71.34709
6779,72.96532
6780,53.33836
6781,83.08745
6782,84.79167
6783,57.558754
6784,57.406948
6785,54.76141
6786,63.196663
6787,63.197624
6788,63.302933
6789,73.49231
6790,46.189484
6791,63.862995
6792,61.361645
6793,51.324116
6794,74.63404
6795,63.941677
6796,66.83945
6797,55.91439
6798,48.348892
6799,60.014267
6800,55.1195
6801,59.677116
6802,73.510345
6803,86.09762
6804,85.454124
6805,54.25899
6806,83.058105
6807,57.5273
6808,64.05671
6809,47.191116
6810,81.06714
6811,70.70759
6812,73.27333
6813,91.045876
6814,39.00439
6815,78.2533
6816,61.298565
6817,69.162575
6818,68.2158
6819,62.900246
6820,71.796974
6821,86.52968
6822,69.83219
6823,44.81959
6824,58.512897
6825,71.85316
6826,61.198723
6827,62.906597
6828,65.67696
6829,47.76911
6830,73.09142
6831,62.66517
6832,91.85373
6833,61.726204
6834,81.434715
6835,57.986637
6836,56.915623
6837,58.88223
6838,55.51024
6839,62.010456
6840,65.28925
6841,55.746918
6842,76.83437
6843,70.39742
6844,59.964592
6845,84.685326
6846,74.18006
6847,55.797565
6848,63.04621
6849,38.815716
6850,67.70121
6851,47.422424
6852,50.61454
6853,51.082706
6854,69.79778
6855,90.85002
6856,68.7322
6857,69.36154
6858,58.948418
6859,52.56829
6860,75.986984
6861,60.498383
6862,76.84285
6863,84.226425
6864,86.80485
6865,75.36196
6866,62.239296
6867,74.89647
6868,65.21787
6869,75.27543
6870,50.971966
6871,64.44683
6872,61.263905
6873,81.89041
6874,71.431
6875,40.845863
6876,64.49906
6877,79.97122
6878,53.444405
6879,72.55138
6880,53.52447
6881,68.90117
6882,71.58343
6883,75.11857
6884,68.16193
6885,61.20785
6886,71.00551
6887,47.307743
6888,73.40809
6889,60.021824
6890,47.943462
6891,45.453156
6892,61.099747
6893,94.121605
6894,64.11341
6895,73.08167
6896,67.6624
6897,76.69162
6898,68.345276
6899,75.00011
6900,72.62997
6901,69.62516
6902,48.194683
6903,57.138954
6904,65.2836
6905,80.44682
6906,73.95219
6907,73.88272
6908,51.10092
6909,52.537315
6910,64.46097
6911,52.062397
6912,67.212
6913,69.132515
6914,66.63974
6915,62.374283
6916,62.807243
6917,54.335155
6918,49.75899
6919,73.93946
6920,64.563385
6921,65.182144
6922,70.320305
6923,60.489616
6924,59.07128
6925,46.002182
6926,67.55736
6927,71.17741
6928,61.947685
6929,63.959087
6930,61.394993
6931,74.62169
6932,76.469315
6933,73.59375
6934,54.243023
6935,69.22801
6936,58.81953
6937,78.13773
6938,76.247925
6939,77.79719
6940,66.819695
6941,64.44771
6942,49.222412
6943,60.828552
6944,50.43419
6945,67.37689
6946,59.538643
6947,66.50706
6948,58.144688
6949,78.070564
6950,61.79791
6951,53.786964
6952,80.27792
6953,58.73249
6954,77.02721
6955,60.576927
6956,68.52045
6957,69.035805
6958,57.717793
6959,59.347874
6960,79.62763
6961,71.33032
6962,71.13952
6963,58.03133
6964,50.3296
6965,58.22918
6966,48.93491
6967,53.151234
6968,65.967064
6969,76.430954
6970,66.43422
6971,71.46057
6972,77.20907
6973,46.590748
6974,56.940155
6975,63.440857
6976,72.5173
6977,78.253296
6978,43.23897
6979,71.54357
6980,47.07226
6981,75.603424
6982,56.01519
6983,52.036926
6984,68.41773
6985,70.045166
6986,83.357956
6987,58.936245
6988,58.590233
6989,96.22132
6990,65.28286
6991,42.535942
6992,41.65074
6993,68.21441
6994,53.89774
6995,70.50666
6996,69.96517
6997,76.29695
6998,62.609596
6999,54.908176
7000,62.004135
7001,64.18023
7002,45.614185
7003,64.99745
7004,57.24679
7005,78.57338
7006,75.92694
7007,65.81278
7008,55.755077
7009,42.525623
7010,49.627518
7011,87.77837
7012,68.43172
7013,72.529465
7014,65.09153
7015,75.15256
7016,39.774426
7017,61.02129
7018,48.595196
7019,45.10345
7020,87.66677
7021,65.46128
7022,62.048634
7023,64.56729
7024,85.992905
7025,71.03493
7026,65.76659
7027,57.23883
7028,57.024338
7029,72.79478
7030,61.068058
7031,63.084576
7032,71.882164
7033,52.57345
7034,71.24545
7035,59.66345
7036,54.50559
7037,86.207634
7038,65.60251
7039,48.57375
7040,78.33299
7041,76.021805
7042,73.96814
7043,60.888206
7044,76.80011
7045,61.916565
7046,86.926605
7047,60.94224
7048,78.19867
7049,49.22366
7050,62.67823
7051,50.012074
7052,62.99358
7053,49.127773
7054,61.659492
7055,62.06712
7056,68.531845
7057,62.481274
7058,45.339867
7059,91.57205
7060,67.4226
7061,72.476166
7062,81.75081
7063,48.518524
7064,71.91084
7065,68.64145
7066,83.12073
7067,52.22156
7068,66.629585
7069,56.611744
7070,69.01016
7071,64.12907
7072,61.423454
7073,82.8276
7074,68.14615
7075,90.462944
7076,40.01275
7077,61.567726
7078,69.757324
7079,64.30533
7080,58.470554
7081,48.766254
7082,67.6866
7083,59.945206
7084,77.12475
7085,73.04992
7086,75.15825
7087,56.289307
7088,80.49821
7089,67.85634
7090,46.941555
7091,47.95187
7092,59.39161
7093,63.421444
7094,67.169586
7095,49.478954
7096,77.858345
7097,69.2777
7098,70.99591
7099,51.553528
7100,69.02165
7101,81.46904
7102,72.29119
7103,94.09681
7104,81.32045
7105,71.3861
7106,65.75623
7107,61.851948
7108,60.764988
7109,61.72829
7110,81.02406
7111,61.672333
7112,65.17026
7113,63.166935
7114,58.493797
7115,53.258003
7116,60.652817
7117,53.555573
7118,73.352715
7119,84.53203
7120,65.87967
7121,43.49355
7122,80.72546
7123,71.55244
7124,81.59938
7125,57.865944
7126,70.91757
7127,71.708336
7128,54.19204
7129,52.49883
7130,63.445724
7131,51.344067
7132,54.86936
7133,61.12183
7134,56.412754
7135,56.449425
7136,78.44482
7137,73.73177
7138,91.953926
7139,44.97595
7140,59.212112
7141,81.04622
7142,45.886013
7143,69.15801
7144,54.147263
7145,87.59636
7146,82.29296
7147,80.379364
7148,64.528595
7149,66.61346
7150,57.718613
7151,73.97821
7152,68.810776
7153,82.78139
7154,67.19218
7155,64.30627
7156,43.029625
7157,68.8042
7158,58.326923
7159,67.68303
7160,75.161194
7161,45.78445
7162,54.79995
7163,58.599167
7164,53.705807
7165,73.95343
7166,52.542538
7167,60.85823
7168,61.57515
7169,66.666176
7170,91.28099
7171,69.28811
7172,64.73877
7173,68.83622
7174,72.0277
7175,62.037968
7176,66.74034
7177,68.72399
7178,74.10227
7179,51.739624
7180,53.546516
7181,74.66689
7182,60.943104
7183,81.856094
7184,86.64917
7185,62.830822
7186,58.160427
7187,69.5141
7188,76.316216
7189,67.29502
7190,46.052414
7191,58.72822
7192,70.52299
7193,46.261044
7194,52.341297
7195,72.83132
7196,86.72125
7197,52.510826
7198,61.54892
7199,35.878002
7200,49.45016
7201,75.76948
7202,75.94252
7203,75.00137
7204,54.738464
7205,52.901943
7206,49.50318
7207,84.2167
7208,58.45357
7209,53.379925
7210,66.13429
7211,57.72908
7212,56.907257
7213,53.255455
7214,73.600204
7215,54.984234
7216,65.34557
7217,43.522305
7218,70.05279
7219,70.37462
7220,57.003387
7221,58.821888
7222,49.257366
7223,65.50883
7224,55.52219
7225,50.704453
7226,81.549774
7227,67.873375
7228,77.02205
7229,83.43616
7230,61.97215
7231,69.44905
7232,69.697685
7233,84.2719
7234,69.458984
7235,65.0956
7236,59.756523
7237,50.284893
7238,59.896732
7239,79.7012
7240,75.68917
7241,82.48286
7242,68.158806
7243,67.95213
7244,54.94945
7245,65.67136
7246,53.115402
7247,54.05271
7248,57.920456
7249,59.990746
7250,53.11506
7251,72.77839
7252,46.46721
7253,65.011795
7254,67.716805
7255,49.104168
7256,48.927044
7257,43.019493
7258,81.764534
7259,73.78465
7260,66.56052
7261,62.232536
7262,67.402016
7263,56.59776
7264,78.82497
7265,68.97886
7266,54.596798
7267,54.12813
7268,66.91723
7269,58.357845
7270,54.093365
7271,35.01787
7272,54.997643
7273,67.527306
7274,61.868393
7275,65.83245
7276,64.644615
7277,65.9752
7278,62.527374
7279,85.063774
7280,65.533875
7281,50.695923
7282,67.900734
7283,66.12031
7284,55.80112
7285,84.513565
7286,71.49574
7287,92.32087
7288,48.4673
7289,45.209713
7290,76.28157
7291,72.33599
7292,45.44968
7293,93.383606
7294,65.54475
7295,77.66287
7296,72.6082
7297,66.67672
7298,66.788666
7299,70.879196
7300,75.41589
7301,61.766884
7302,80.50179
7303,74.25833
7304,82.18269
7305,48.123104
7306,75.48512
7307,66.16837
7308,56.12797
7309,73.26173
7310,57.299824
7311,71.497116
7312,74.222115
7313,62.63992
7314,49.214275
7315,57.76639
7316,78.25839
7317,68.93244
7318,66.75279
7319,61.91507
7320,47.8799
7321,60.10496
7322,77.852455
7323,46.605434
7324,50.74939
7325,72.169495
7326,73.98932
7327,74.56525
7328,54.997578
7329,87.53266
7330,77.39928
7331,68.52258
7332,44.44623
7333,55.35995
7334,59.83252
7335,75.844025
7336,71.88085
7337,52.30344
7338,47.709385
7339,43.27823
7340,63.367268
7341,64.83101
7342,57.646084
7343,87.14329
7344,54.43055
7345,66.946144
7346,69.55695
7347,55.90062
7348,72.949066
7349,49.811695
7350,71.01195
7351,73.64952
7352,62.896435
7353,86.18898
7354,70.97293
7355,64.40178
7356,57.17688
7357,58.495472
7358,63.48549
7359,75.9779
7360,70.84336
7361,64.957344
7362,52.995674
7363,61.94872
7364,56.865963
7365,59.475418
7366,82.316284
7367,65.22518
7368,47.82434
7369,67.87868
7370,70.79159
7371,48.974586
7372,64.53077
7373,52.731724
7374,75.52887
7375,41.465893
7376,71.87641
7377,77.89458
7378,66.25182
7379,72.57344
7380,55.6352
7381,40.734734
7382,53.538757
7383,60.04602
7384,78.25069
7385,49.56839
7386,63.456635
7387,58.893196
7388,78.9691
7389,69.56217
7390,46.214672
7391,69.24637
7392,78.578224
7393,67.33499
7394,63.998123
7395,59.879604
7396,65.37062
7397,76.246346
7398,67.77035
7399,55.95484
7400,58.005997
7401,58.39877
7402,61.92511
7403,69.27199
7404,70.027306
7405,65.405495
7406,57.539288
7407,95.49417
7408,37.158825
7409,33.760605
7410,53.64593
7411,88.14589
7412,68.34875
7413,55.613155
7414,76.06678
7415,66.41789
7416,54.72631
7417,69.4634
7418,97.18253
7419,71.61512
7420,32.832153
7421,76.51868
7422,64.56261
7423,59.39776
7424,86.01038
7425,88.59858
7426,61.994774
7427,84.94052
7428,55.946804
7429,64.10094
7430,57.94759
7431,71.29541
7432,71.16944
7433,64.37323
7434,74.67503
7435,50.83946
7436,71.369286
7437,66.02825
7438,61.27478
7439,42.39405
7440,91.823235
7441,82.11961
7442,90.88798
7443,49.875942
7444,70.78133
7445,77.26271
7446,77.63458
7447,59.621937
7448,63.69053
7449,58.45785
7450,63.564663
7451,70.13794
7452,82.90981
7453,71.691
7454,50.91637
7455,55.244877
7456,63.600777
7457,69.38313
7458,64.40388
7459,61.88785
7460,56.94455
7461,65.66762
7462,58.012787
7463,67.524376
7464,87.860825
7465,52.94131
7466,80.38662
7467,81.89541
7468,59.118195
7469,63.128937
7470,47.231438
7471,59.190166
7472,62.661427
7473,71.16297
7474,64.681694
7475,44.444805
7476,71.88328
7477,69.22532
7478,58.41164
7479,49.944244
7480,89.89911
7481,72.53429
7482,65.73701
7483,67.28601
7484,42.62621
7485,73.792206
7486,51.39497
7487,69.663345
7488,61.490303
7489,55.99191
7490,57.97393
7491,77.63229
7492,68.48695
7493,61.87791
7494,59.234676
7495,75.57323
7496,39.164185
7497,73.411125
7498,67.93273
7499,48.20554
7500,51.70456
7501,69.58731
7502,63.866573
7503,43.13151
7504,66.15482
7505,57.771122
7506,47.386013
7507,79.34272
7508,77.04141
7509,75.74606
7510,56.962673
7511,59.16056
7512,53.89197
7513,56.042503
7514,84.4963
7515,61.481922
7516,77.03139
7517,61.452812
7518,46.84637
7519,63.49781
7520,64.22581
7521,75.39155
7522,53.22825
7523,74.068344
7524,62.007233
7525,58.826206
7526,76.438835
7527,64.13437
7528,69.92722
7529,62.473576
7530,51.21523
7531,66.889626
7532,74.06943
7533,47.197815
7534,84.085045
7535,65.71338
7536,67.6657
7537,48.913544
7538,51.651478
7539,48.4826
7540,73.39985
7541,60.67079
7542,55.391407
7543,76.01862
7544,42.543705
7545,64.027466
7546,53.67895
7547,51.34438
7548,67.35553
7549,50.09163
7550,55.997784
7551,81.70783
7552,86.40935
7553,72.091606
7554,76.69164
7555,67.255104
7556,57.08775
7557,42.726063
7558,66.339
7559,64.328636
7560,77.71035
7561,50.941845
7562,64.84672
7563,51.149097
7564,68.28028
7565,83.78438
7566,83.68391
7567,74.68064
7568,63.225807
7569,74.98378
7570,72.36278
7571,68.42152
7572,62.182312
7573,87.391136
7574,77.282616
7575,77.9201
7576,57.893253
7577,74.39489
7578,49.623714
7579,66.714485
7580,65.64105
7581,54.68651
7582,60.23134
7583,49.203033
7584,56.567997
7585,92.38556
7586,65.56227
7587,75.67396
7588,77.17126
7589,62.58543
7590,54.364483
7591,56.59226
7592,78.466324
7593,50.73961
7594,74.39323
7595,82.16567
7596,78.729546
7597,59.11087
7598,74.50458
7599,72.82438
7600,71.77568
7601,64.7814
7602,67.02394
7603,70.279236
7604,60.291763
7605,72.29843
7606,82.76383
7607,75.644554
7608,66.20838
7609,71.08253
7610,68.81667
7611,72.00515
7612,57.38466
7613,49.877617
7614,59.945557
7615,54.04821
7616,57.598316
7617,43.25343
7618,57.609497
7619,49.742886
7620,38.903618
7621,41.48381
7622,78.87483
7623,40.61926
7624,60.820858
7625,66.923004
7626,51.032578
7627,54.442623
7628,102.22876
7629,77.67158
7630,79.963844
7631,41.308346
7632,54.639378
7633,46.501125
7634,70.7902
7635,80.78991
7636,52.79085
7637,57.36975
7638,61.039158
7639,73.84222
7640,49.746773
7641,63.914326
7642,61.387276
7643,50.82965
7644,65.41341
7645,84.88424
7646,61.196957
7647,69.96383
7648,55.184513
7649,66.97088
7650,60.208218
7651,83.62212
7652,74.301346
7653,63.304985
7654,55.189613
7655,70.16028
7656,69.51275
7657,50.293343
7658,77.04547
7659,60.946213
7660,52.53272
7661,56.650314
7662,64.40732
7663,37.28504
7664,63.13096
7665,61.42329
7666,55.529125
7667,62.166965
7668,66.24089
7669,70.35133
7670,64.40156
7671,47.003716
7672,65.18052
7673,78.431076
7674,76.92387
7675,76.23191
7676,103.80027
7677,48.694775
7678,54.72928
7679,47.205143
7680,60.06025
7681,54.871567
7682,78.01613
7683,55.382862
7684,67.33591
7685,74.227005
7686,59.709652
7687,61.748623
7688,55.454815
7689,54.32862
7690,66.32531
7691,59.383827
7692,68.6376
7693,53.394176
7694,73.0276
7695,62.053642
7696,67.427826
7697,78.94534
7698,51.2752
7699,46.485596
7700,84.47974
7701,69.735245
7702,85.54351
7703,59.204067
7704,58.68837
7705,51.264736
7706,54.87044
7707,55.005337
7708,66.396774
7709,58.036846
7710,68.00703
7711,78.2585
7712,47.056854
7713,59.145004
7714,53.95496
7715,65.37452
7716,68.23849
7717,66.84702
7718,65.71955
7719,58.055298
7720,48.67704
7721,85.790924
7722,70.22794
7723,55.56112
7724,64.43089
7725,56.407173
7726,55.39844
7727,58.97877
7728,55.59801
7729,69.74418
7730,82.40237
7731,50.094193
7732,61.128468
7733,55.387135
7734,77.280624
7735,55.33906
7736,53.58917
7737,74.20801
7738,71.10077
7739,64.479065
7740,53.689106
7741,83.835655
7742,59.88181
7743,77.53891
7744,76.27749
7745,40.96396
7746,59.1284
7747,56.268456
7748,67.49809
7749,58.89497
7750,78.670586
7751,61.921
7752,71.65647
7753,62.990646
7754,69.432915
7755,76.53603
7756,77.78361
7757,65.87585
7758,50.075592
7759,82.21285
7760,69.29259
7761,57.008503
7762,63.05048
7763,81.04821
7764,59.02382
7765,59.70561
7766,70.77227
7767,63.60385
7768,80.54516
7769,94.53599
7770,57.309296
7771,65.93682
7772,73.29963
7773,56.447845
7774,71.452835
7775,74.92813
7776,72.92574
7777,66.32827
7778,69.69077
7779,81.33827
7780,70.27787
7781,47.262638
7782,59.78064
7783,69.34787
7784,67.676216
7785,68.582596
7786,57.41951
7787,76.221405
7788,52.798527
7789,81.14974
7790,77.68439
7791,51.184334
7792,66.3136
7793,64.96939
7794,67.84776
7795,86.42911
7796,72.492775
7797,68.77058
7798,59.158905
7799,69.419464
7800,68.74785
7801,46.697983
7802,77.522736
7803,40.7217
7804,65.05012
7805,65.6192
7806,69.21084
7807,61.889473
7808,73.44841
7809,55.977917
7810,74.90974
7811,79.57408
7812,77.56191
7813,76.22564
7814,73.14104
7815,73.124596
7816,64.480255
7817,51.4219
7818,87.407555
7819,63.89637
7820,67.08498
7821,49.2166
7822,62.422394
7823,68.42496
7824,74.480705
7825,62.416336
7826,73.42998
7827,59.34693
7828,80.014175
7829,36.01786
7830,60.750507
7831,68.67155
7832,64.26396
7833,82.96591
7834,65.63106
7835,67.9206
7836,68.11161
7837,78.64695
7838,50.29491
7839,67.596565
7840,56.01389
7841,49.41267
7842,74.22295
7843,51.341496
7844,44.09745
7845,60.681095
7846,76.89177
7847,50.728832
7848,67.73492
7849,82.399345
7850,68.29293
7851,47.16011
7852,68.94992
7853,51.496098
7854,52.222343
7855,58.803375
7856,51.88033
7857,72.477936
7858,67.7415
7859,62.16559
7860,84.17846
7861,57.6055
7862,87.22451
7863,75.1397
7864,44.591038
7865,58.129246
7866,51.148098
7867,50.46484
7868,72.9646
7869,64.07486
7870,72.25075
7871,30.377762
7872,73.15809
7873,70.75192
7874,60.786095
7875,67.65207
7876,65.01244
7877,55.40815
7878,73.25268
7879,69.1692
7880,59.580807
7881,67.51028
7882,53.873272
7883,63.824524
7884,49.596855
7885,46.682804
7886,53.83591
7887,78.601814
7888,45.132423
7889,78.38147
7890,72.74836
7891,42.912643
7892,73.11113
7893,56.93366
7894,69.269485
7895,69.54768
7896,66.09799
7897,79.88673
7898,64.694244
7899,65.90753
7900,69.3618
7901,94.76912
7902,56.554764
7903,56.689774
7904,40.29942
7905,70.02797
7906,70.74215
7907,58.06247
7908,73.31048
7909,49.48654
7910,83.402306
7911,72.11972
7912,44.253296
7913,60.905735
7914,45.75725
7915,51.562973
7916,51.47241
7917,52.003986
7918,67.58407
7919,65.95852
7920,48.7487
7921,59.707924
7922,63.918224
7923,65.2155
7924,74.14711
7925,63.00275
7926,61.730003
7927,47.974094
7928,47.706505
7929,42.629745
7930,70.92264
7931,60.27908
7932,55.171085
7933,65.1395
7934,46.353138
7935,65.70372
7936,78.335526
7937,66.796394
7938,65.21004
7939,74.0872
7940,69.06145
7941,79.53573
7942,67.83438
7943,56.688942
7944,61.545635
7945,64.11251
7946,78.22349
7947,75.29123
7948,65.22532
7949,47.7704
7950,86.02166
7951,62.410374
7952,61.265327
7953,68.03968
7954,79.67455
7955,60.693638
7956,72.0362
7957,48.36172
7958,50.79993
7959,75.777626
7960,48.84412
7961,72.24917
7962,52.03899
7963,60.44241
7964,67.013695
7965,64.49218
7966,66.891846
7967,56.376846
7968,50.34958
7969,81.93798
7970,77.066345
7971,43.934544
7972,79.80241
7973,63.50715
7974,65.588165
7975,61.511673
7976,54.616207
7977,64.746574
7978,70.68733
7979,72.84128
7980,62.536892
7981,70.68562
7982,68.913994
7983,47.632076
7984,74.267876
7985,61.57699
7986,78.26099
7987,68.88822
7988,73.96289
7989,73.85595
7990,75.9891
7991,77.18529
7992,62.840263
7993,52.051163
7994,52.630577
7995,67.44611
7996,63.480087
7997,77.236855
7998,67.91292
7999,79.68764
8000,65.19209
8001,79.66561
8002,46.38606
8003,52.30121
8004,80.416885
8005,80.5353
8006,56.564598
8007,57.16728
8008,69.94427
8009,72.48307
8010,64.32233
8011,58.052753
8012,57.3148
8013,46.660625
8014,48.35267
8015,75.884224
8016,77.18413
8017,61.254158
8018,63.4495
8019,76.70616
8020,58.988663
8021,88.73659
8022,54.484085
8023,69.10593
8024,92.26612
8025,57.75503
8026,52.109085
8027,53.218155
8028,54.481037
8029,59.73566
8030,76.0419
8031,80.97112
8032,77.9967
8033,46.983032
8034,87.22795
8035,60.004894
8036,54.550327
8037,63.570087
8038,70.435036
8039,48.522163
8040,79.5757
8041,58.695488
8042,69.614006
8043,60.112198
8044,77.53896
8045,59.920704
8046,78.15925
8047,78.28967
8048,64.876595
8049,86.1288
8050,50.501705
8051,78.543755
8052,65.67938
8053,72.34152
8054,68.38476
8055,67.107124
8056,67.34964
8057,51.308357
8058,48.883286
8059,76.29659
8060,73.074684
8061,68.63014
8062,72.5325
8063,68.84782
8064,67.34962
8065,57.059742
8066,77.730034
8067,54.432957
8068,70.46048
8069,66.41526
8070,78.02411
8071,57.19666
8072,58.95608
8073,72.603165
8074,59.631733
8075,58.337254
8076,74.2084
8077,96.47687
8078,70.43027
8079,64.43441
8080,79.43534
8081,85.09104
8082,46.62802
8083,48.498672
8084,72.02789
8085,62.713985
8086,56.32735
8087,59.297405
8088,85.53511
8089,54.588764
8090,74.52981
8091,53.352745
8092,54.561333
8093,79.680534
8094,60.453056
8095,47.31216
8096,74.42684
8097,65.6358
8098,51.817677
8099,45.600002
8100,57.682873
8101,60.959145
8102,65.585144
8103,66.48297
8104,54.247
8105,58.597916
8106,52.40078
8107,69.16502
8108,67.74353
8109,69.83107
8110,74.82112
8111,53.401104
8112,75.113304
8113,58.77778
8114,61.517666
8115,82.59783
8116,88.684525
8117,49.468334
8118,60.080887
8119,87.20338
8120,68.922
8121,64.26951
8122,65.40127
8123,52.80005
8124,69.62522
8125,71.74266
8126,57.686413
8127,57.561573
8128,62.25465
8129,65.17776
8130,88.580536
8131,71.83413
8132,45.6966
8133,59.880978
8134,61.966583
8135,72.38682
8136,68.55593
8137,61.169235
8138,43.747913
8139,68.40326
8140,64.92944
8141,58.154613
8142,71.29021
8143,55.753216
8144,42.70094
8145,63.038147
8146,74.36052
8147,80.18757
8148,53.25417
8149,57.185722
8150,68.480415
8151,64.617035
8152,61.28627
8153,67.4221
8154,68.160164
8155,96.90872
8156,57.045864
8157,70.658905
8158,62.65958
8159,49.923645
8160,59.13
8161,72.83263
8162,72.327835
8163,62.733955
8164,68.387505
8165,92.141815
8166,61.13245
8167,65.35175
8168,72.72865
8169,67.5832
8170,71.02038
8171,64.08896
8172,75.56147
8173,75.3249
8174,75.33315
8175,71.8103
8176,70.70778
8177,77.484604
8178,72.32987
8179,49.784058
8180,74.50533
8181,69.007095
8182,79.61983
8183,69.47819
8184,57.76244
8185,60.732784
8186,48.246384
8187,63.54429
8188,60.377514
8189,69.20907
8190,67.69954
8191,56.724304
8192,69.93063
8193,60.97232
8194,43.024944
8195,81.294174
8196,64.52438
8197,54.41406
8198,72.01951
8199,72.85192
8200,67.465935
8201,58.174133
8202,63.119102
8203,53.242386
8204,69.58232
8205,71.79081
8206,61.933636
8207,51.512974
8208,45.72043
8209,54.291355
8210,74.79833
8211,55.95595
8212,54.25652
8213,52.554527
8214,44.984306
8215,49.419262
8216,60.90127
8217,74.063614
8218,53.090794
8219,65.67756
8220,55.81459
8221,84.19595
8222,77.96331
8223,48.114555
8224,70.64547
8225,52.340202
8226,60.80704
8227,46.254623
8228,59.302853
8229,61.02364
8230,79.24206
8231,86.40722
8232,55.669586
8233,46.57749
8234,53.66728
8235,69.55974
8236,80.667
8237,45.709286
8238,56.796337
8239,53.851643
8240,56.48768
8241,92.28155
8242,78.58748
8243,57.517086
8244,53.537117
8245,68.84619
8246,59.924747
8247,31.679419
8248,76.98173
8249,68.32173
8250,66.335045
8251,58.546875
8252,81.60872
8253,80.001205
8254,77.906876
8255,74.857765
8256,49.83601
8257,54.095642
8258,73.80093
8259,47.605103
8260,60.526165
8261,82.09969
8262,61.827522
8263,70.94732
8264,62.242455
8265,99.18115
8266,73.10258
8267,83.63643
8268,67.454796
8269,72.13733
8270,55.52819
8271,53.789734
8272,79.87371
8273,57.88414
8274,63.450054
8275,69.886086
8276,60.161053
8277,66.51313
8278,66.686844
8279,67.191574
8280,69.38885
8281,58.411446
8282,47.966805
8283,66.13899
8284,87.25065
8285,78.691315
8286,62.094086
8287,77.51154
8288,53.01591
8289,95.3379
8290,73.66195
8291,71.07047
8292,58.476227
8293,50.361984
8294,60.353466
8295,64.68876
8296,76.7546
8297,78.36162
8298,53.526257
8299,52.93235
8300,56.3551
8301,55.198814
8302,66.51218
8303,48.661453
8304,73.43116
8305,66.66867
8306,70.35439
8307,100.01448
8308,76.45339
8309,46.346928
8310,67.51442
8311,60.78186
8312,60.97336
8313,55.522625
8314,79.50023
8315,63.34447
8316,93.06316
8317,93.959305
8318,61.67774
8319,54.310085
8320,72.97834
8321,54.23222
8322,62.309586
8323,55.2505
8324,64.468834
8325,69.63631
8326,69.46383
8327,44.624096
8328,75.699005
8329,50.545555
8330,48.53485
8331,66.1848
8332,76.34747
8333,61.118732
8334,49.582302
8335,61.433697
8336,68.789024
8337,62.263718
8338,59.99625
8339,67.44259
8340,86.95385
8341,66.5788
8342,63.800884
8343,57.01239
8344,59.021606
8345,75.3367
8346,59.156757
8347,77.412025
8348,63.65932
8349,43.05942
8350,46.72169
8351,78.79431
8352,65.622475
8353,76.66117
8354,41.94256
8355,53.805523
8356,58.461678
8357,64.3576
8358,79.600975
8359,52.83378
8360,67.87009
8361,63.833523
8362,78.80314
8363,71.82787
8364,53.45677
8365,59.734444
8366,76.3801
8367,61.55043
8368,45.93188
8369,73.09966
8370,52.259068
8371,58.74914
8372,64.83037
8373,65.115814
8374,64.92194
8375,64.85361
8376,101.89312
8377,57.974472
8378,67.48015
8379,74.186134
8380,51.98873
8381,74.68925
8382,74.96715
8383,60.524666
8384,83.04511
8385,79.895966
8386,72.42752
8387,80.92064
8388,74.189674
8389,57.70238
8390,81.7936
8391,53.667347
8392,76.562614
8393,50.233757
8394,72.651215
8395,70.55437
8396,61.179882
8397,84.86935
8398,68.71658
8399,70.61545
8400,52.693516
8401,85.42115
8402,92.07446
8403,69.34774
8404,53.43232
8405,64.65257
8406,82.93479
8407,60.303593
8408,61.219345
8409,79.54595
8410,59.750576
8411,57.392006
8412,56.54598
8413,69.02817
8414,70.10767
8415,67.341965
8416,87.78949
8417,56.24512
8418,76.26771
8419,64.02981
8420,58.599476
8421,67.09109
8422,87.17487
8423,63.67912
8424,69.974884
8425,56.2383
8426,45.9038
8427,38.899315
8428,65.33267
8429,70.844376
8430,60.065018
8431,67.68141
8432,59.097473
8433,69.22606
8434,60.327087
8435,56.01886
8436,53.88456
8437,63.564194
8438,54.88664
8439,92.44428
8440,63.26651
8441,57.229473
8442,56.01615
8443,82.34856
8444,62.981472
8445,61.72026
8446,49.41557
8447,78.3518
8448,56.690575
8449,74.84009
8450,65.385185
8451,59.34776
8452,64.76346
8453,62.675743
8454,64.68705
8455,74.71517
8456,80.55152
8457,69.81146
8458,59.10781
8459,96.55879
8460,53.73993
8461,35.784206
8462,72.24254
8463,93.65359
8464,65.74203
8465,74.65162
8466,63.76711
8467,71.63779
8468,56.802647
8469,59.543163
8470,58.986546
8471,65.941246
8472,56.93072
8473,51.726585
8474,54.219334
8475,63.70205
8476,84.67563
8477,93.88822
8478,40.429157
8479,55.544704
8480,56.082123
8481,74.40912
8482,78.72474
8483,79.209404
8484,57.537647
8485,54.710026
8486,48.215645
8487,80.61302
8488,62.4453
8489,54.84368
8490,41.211967
8491,79.483665
8492,67.80717
8493,68.71555
8494,63.934006
8495,61.707466
8496,62.362938
8497,75.05439
8498,46.70881
8499,56.52413
8500,63.386703
8501,57.49208
8502,67.03424
8503,74.60559
8504,73.25836
8505,62.601078
8506,36.963264
8507,65.56128
8508,56.25155
8509,69.684555
8510,58.24305
8511,64.6493
8512,55.568306
8513,53.183823
8514,79.34494
8515,62.747456
8516,63.826096
8517,91.689095
8518,56.493973
8519,65.444916
8520,74.42541
8521,71.89008
8522,78.997536
8523,62.170685
8524,63.672844
8525,55.318756
8526,79.36882
8527,76.68274
8528,56.339787
8529,69.69663
8530,65.51232
8531,52.81481
8532,63.9135
8533,68.85513
8534,49.02378
8535,43.065998
8536,59.09262
8537,62.067707
8538,64.83498
8539,84.57076
8540,62.147594
8541,47.11353
8542,90.14716
8543,51.46018
8544,62.81743
8545,58.203114
8546,88.643456
8547,61.0529
8548,73.75982
8549,71.75824
8550,52.61637
8551,50.42781
8552,47.492607
8553,72.702995
8554,70.40756
8555,64.36084
8556,81.10485
8557,55.336926
8558,62.72121
8559,70.959236
8560,66.83297
8561,52.70242
8562,84.731575
8563,81.90939
8564,69.24406
8565,69.21784
8566,60.911293
8567,75.36729
8568,68.75305
8569,79.56729
8570,86.75781
8571,70.02083
8572,81.2821
8573,54.37163
8574,59.853626
8575,87.96805
8576,46.109104
8577,61.421055
8578,58.60398
8579,78.54379
8580,88.596886
8581,65.018745
8582,73.19269
8583,48.92741
8584,48.93772
8585,58.47623
8586,49.871696
8587,74.38508
8588,30.832811
8589,62.115005
8590,76.27508
8591,68.04233
8592,65.06974
8593,47.11881
8594,67.65477
8595,56.452095
8596,69.91363
8597,63.61068
8598,65.41673
8599,47.91298
8600,70.07699
8601,62.632927
8602,61.094612
8603,72.20992
8604,67.48591
8605,65.78016
8606,51.84797
8607,71.00764
8608,55.583878
8609,56.418987
8610,62.5119
8611,45.33328
8612,53.90606
8613,67.878075
8614,61.780178
8615,60.99243
8616,88.46466
8617,59.497204
8618,55.903286
8619,63.284115
8620,68.61003
8621,57.3319
8622,71.01309
8623,53.1218
8624,59.156837
8625,58.88209
8626,45.888996
8627,60.51953
8628,56.19006
8629,74.45575
8630,65.87453
8631,53.39287
8632,75.90036
8633,60.805866
8634,59.056618
8635,81.71492
8636,71.33712
8637,66.23718
8638,67.56967
8639,76.912766
8640,43.054558
8641,40.518547
8642,63.108345
8643,76.27629
8644,57.963127
8645,54.98036
8646,65.15507
8647,65.452995
8648,57.219757
8649,59.97841
8650,83.27612
8651,50.345444
8652,64.73043
8653,68.04204
8654,46.281475
8655,73.06387
8656,63.266193
8657,63.408283
8658,73.841415
8659,62.91228
8660,62.41081
8661,66.97263
8662,35.834553
8663,49.787266
8664,53.36461
8665,74.120605
8666,53.71158
8667,45.79019
8668,84.954735
8669,65.027664
8670,62.671
8671,40.168
8672,58.469685
8673,69.44803
8674,56.34041
8675,48.06014
8676,61.164783
8677,65.592636
8678,62.83482
8679,53.123764
8680,70.93584
8681,59.536613
8682,49.522366
8683,62.41397
8684,51.874012
8685,43.52131
8686,52.9068
8687,68.120476
8688,54.779247
8689,53.95498
8690,58.821774
8691,66.649216
8692,54.104145
8693,54.901913
8694,70.67463
8695,60.737637
8696,59.514553
8697,41.432552
8698,60.215275
8699,59.421204
8700,81.99698
8701,86.91796
8702,72.30753
8703,60.72125
8704,36.815712
8705,72.22667
8706,45.426113
8707,58.37
8708,77.17111
8709,65.24934
8710,85.606575
8711,87.77964
8712,65.245804
8713,83.71657
8714,78.00546
8715,62.25266
8716,65.466896
8717,41.86186
8718,52.18856
8719,73.8433
8720,64.95102
8721,52.044624
8722,67.04353
8723,74.49125
8724,56.04222
8725,50.144268
8726,76.333115
8727,56.922443
8728,36.588234
8729,60.955708
8730,66.26495
8731,68.772354
8732,57.21868
8733,52.165432
8734,59.86444
8735,64.90741
8736,83.11383
8737,58.041107
8738,55.03016
8739,84.03133
8740,74.777115
8741,70.88694
8742,57.171257
8743,52.079903
8744,58.869595
8745,67.753494
8746,74.717705
8747,66.32996
8748,74.653984
8749,56.85036
8750,51.974087
8751,57.987244
8752,57.109818
8753,74.09406
8754,80.213196
8755,75.568344
8756,77.17731
8757,69.24155
8758,95.45664
8759,58.341763
8760,83.81993
8761,55.55405
8762,68.73407
8763,58.287476
8764,60.1286
8765,52.98441
8766,51.22121
8767,62.254974
8768,71.63379
8769,70.25653
8770,72.10924
8771,58.09292
8772,68.93047
8773,53.018295
8774,68.74204
8775,66.88749
8776,71.27223
8777,68.7359
8778,62.111237
8779,51.02366
8780,77.83325
8781,83.889275
8782,70.00658
8783,73.58497
8784,59.40071
8785,41.81963
8786,38.772854
8787,63.18948
8788,74.42859
8789,55.710217
8790,56.270817
8791,78.58466
8792,71.641785
8793,77.180374
8794,76.016045
8795,68.59707
8796,45.504868
8797,42.12082
8798,63.162888
8799,43.585228
8800,62.726738
8801,54.986885
8802,48.71719
8803,44.73002
8804,66.49873
8805,56.321484
8806,61.85025
8807,71.01802
8808,71.5031
8809,45.762497
8810,69.88028
8811,88.48669
8812,68.716805
8813,66.10274
8814,70.512405
8815,63.11586
8816,44.058662
8817,50.263416
8818,48.731594
8819,52.617744
8820,80.66909
8821,57.29854
8822,46.76944
8823,37.413063
8824,50.878075
8825,63.45838
8826,45.634293
8827,72.1528
8828,48.952682
8829,68.14401
8830,64.80756
8831,67.74566
8832,55.091415
8833,65.55014
8834,48.43154
8835,77.08966
8836,65.17121
8837,58.72323
8838,70.48067
8839,45.324547
8840,69.02789
8841,79.614845
8842,50.940952
8843,70.36484
8844,57.911755
8845,47.405975
8846,70.537
8847,79.97711
8848,79.78777
8849,67.62245
8850,85.23497
8851,75.41646
8852,59.98532
8853,77.350716
8854,73.375465
8855,86.69108
8856,46.204105
8857,79.53878
8858,69.28951
8859,62.55538
8860,64.00296
8861,44.869083
8862,77.03986
8863,74.028786
8864,75.27503
8865,85.31721
8866,57.961464
8867,49.876648
8868,80.21753
8869,61.86462
8870,65.703545
8871,33.780136
8872,57.78671
8873,68.225044
8874,68.480354
8875,59.635944
8876,56.93995
8877,73.50278
8878,72.93184
8879,67.012245
8880,86.46351
8881,68.03834
8882,76.41105
8883,58.92049
8884,69.58595
8885,77.473404
8886,83.5405
8887,43.52759
8888,60.452976
8889,55.77113
8890,61.843334
8891,55.71144
8892,77.84156
8893,54.555088
8894,79.435585
8895,58.972225
8896,65.88115
8897,51.177048
8898,63.47254
8899,51.626244
8900,45.625996
8901,52.964424
8902,64.08274
8903,50.07791
8904,53.66145
8905,74.153
8906,77.15866
8907,61.329426
8908,69.27423
8909,52.950855
8910,71.39226
8911,58.972855
8912,77.92387
8913,69.531746
8914,45.068054
8915,53.05615
8916,59.477917
8917,57.141407
8918,58.191
8919,69.0171
8920,81.05036
8921,57.12813
8922,59.362972
8923,59.99384
8924,77.449356
8925,65.08487
8926,66.04471
8927,53.968018
8928,66.92004
8929,50.765602
8930,63.579224
8931,54.43852
8932,63.332138
8933,70.36185
8934,49.909622
8935,68.84382
8936,48.252964
8937,63.507683
8938,74.72617
8939,57.700634
8940,49.94466
8941,69.125145
8942,67.75334
8943,53.0353
8944,62.76822
8945,66.60816
8946,56.906246
8947,72.242676
8948,70.35095
8949,89.57249
8950,66.48561
8951,39.65053
8952,76.581245
8953,60.54516
8954,54.834908
8955,68.96316
8956,55.197544
8957,84.228645
8958,76.30992
8959,75.135735
8960,66.24383
8961,58.054104
8962,77.0207
8963,71.52809
8964,78.20477
8965,62.856026
8966,49.599655
8967,80.48574
8968,72.05765
8969,67.41237
8970,69.28482
8971,70.22122
8972,60.648087
8973,67.179886
8974,65.718666
8975,71.458855
8976,60.243248
8977,66.74311
8978,56.481457
8979,62.636135
8980,66.13596
8981,83.28646
8982,69.73253
8983,45.024906
8984,49.694695
8985,45.994175
8986,56.67051
8987,67.830444
8988,70.777054
8989,46.5778
8990,59.41509
8991,58.05345
8992,60.854694
8993,65.411896
8994,60.69768
8995,60.097805
8996,54.176426
8997,46.782413
8998,52.13596
8999,51.52006
9000,73.26899
9001,62.094574
9002,68.913734
9003,45.653057
9004,66.392624
9005,66.326195
9006,57.994698
9007,69.43588
9008,45.824463
9009,63.311184
9010,44.67377
9011,75.53981
9012,52.097683
9013,83.1319
9014,74.42955
9015,65.93113
9016,67.54218
9017,43.43724
9018,41.31165
9019,64.66255
9020,63.281414
9021,77.50326
9022,64.123695
9023,59.096718
9024,61.149933
9025,60.48254
9026,80.50783
9027,49.424255
9028,53.94236
9029,51.79088
9030,67.64695
9031,49.924248
9032,78.49746
9033,69.36203
9034,66.44352
9035,72.862625
9036,77.126564
9037,63.28792
9038,76.91494
9039,61.1805
9040,63.307274
9041,83.87226
9042,80.8328
9043,85.76425
9044,51.169373
9045,58.302994
9046,54.921837
9047,61.19873
9048,69.5414
9049,64.96309
9050,57.04013
9051,82.05179
9052,55.933723
9053,82.76567
9054,79.813126
9055,70.770805
9056,59.4838
9057,62.22965
9058,53.01046
9059,76.21918
9060,55.664062
9061,76.2054
9062,63.912983
9063,69.66848
9064,57.720943
9065,83.58708
9066,67.39859
9067,45.458313
9068,82.470024
9069,49.411774
9070,50.26754
9071,80.25504
9072,87.670586
9073,59.129013
9074,57.305027
9075,59.200554
9076,75.15732
9077,41.547325
9078,57.505795
9079,84.91899
9080,59.287823
9081,76.3594
9082,57.529747
9083,56.73802
9084,71.4876
9085,54.28269
9086,57.860424
9087,66.74887
9088,77.91734
9089,70.46811
9090,76.33917
9091,70.18403
9092,74.90811
9093,60.03703
9094,38.158768
9095,61.935593
9096,65.25798
9097,68.99066
9098,58.921085
9099,53.163532
9100,44.848087
9101,95.331215
9102,55.955544
9103,55.40322
9104,41.3046
9105,74.187386
9106,65.91277
9107,58.922447
9108,88.981476
9109,64.70187
9110,49.145718
9111,53.8728
9112,66.331665
9113,65.159294
9114,84.96716
9115,66.44973
9116,66.03401
9117,92.458
9118,77.58442
9119,54.738266
9120,67.04303
9121,62.781696
9122,85.898605
9123,70.88126
9124,66.91728
9125,82.63251
9126,46.48688
9127,83.33763
9128,59.08345
9129,75.282524
9130,55.786232
9131,57.814648
9132,62.453545
9133,61.788708
9134,64.99384
9135,43.400978
9136,44.91147
9137,49.1715
9138,47.241924
9139,77.145966
9140,73.09031
9141,71.886
9142,60.85321
9143,49.706398
9144,59.905186
9145,67.16548
9146,65.38203
9147,75.496544
9148,45.365746
9149,95.803055
9150,75.83729
9151,65.21436
9152,51.879974
9153,70.327644
9154,70.0278
9155,74.10959
9156,74.40316
9157,72.24281
9158,55.75839
9159,55.669926
9160,74.92345
9161,67.092155
9162,77.02113
9163,45.761616
9164,66.95325
9165,58.05135
9166,55.588512
9167,90.014725
9168,56.786697
9169,69.797714
9170,62.954918
9171,64.40951
9172,69.68449
9173,44.24531
9174,62.555832
9175,64.554985
9176,77.28726
9177,87.85003
9178,54.43526
9179,43.337566
9180,61.74649
9181,56.922867
9182,54.453987
9183,79.84064
9184,70.91168
9185,73.24194
9186,56.71
9187,79.41939
9188,61.716904
9189,54.688374
9190,53.582035
9191,59.86
9192,64.35605
9193,48.048782
9194,54.718758
9195,61.712215
9196,61.684315
9197,67.83011
9198,45.2399
9199,73.40073
9200,59.616535
9201,80.56666
9202,52.39752
9203,53.6155
9204,64.51719
9205,71.04665
9206,83.90003
9207,48.528072
9208,61.161644
9209,79.1856
9210,68.21806
9211,78.43859
9212,60.123688
9213,42.805096
9214,49.54377
9215,87.44917
9216,75.53492
9217,75.42411
9218,59.172543
9219,65.78535
9220,74.139496
9221,60.063423
9222,54.40571
9223,65.27802
9224,77.30139
9225,40.54623
9226,92.22153
9227,53.589485
9228,54.206154
9229,69.709946
9230,61.343643
9231,64.60895
9232,51.465164
9233,88.23327
9234,69.666504
9235,67.87796
9236,42.17425
9237,61.035316
9238,65.28129
9239,58.771816
9240,79.90151
9241,71.67908
9242,80.24352
9243,80.16276
9244,84.69734
9245,79.842155
9246,48.236988
9247,62.285572
9248,67.76115
9249,60.694214
9250,92.01672
9251,78.68576
9252,71.98662
9253,63.81659
9254,40.85337
9255,63.614452
9256,55.068813
9257,59.35716
9258,53.468952
9259,61.954338
9260,64.53372
9261,37.266193
9262,69.98054
9263,63.54874
9264,66.38569
9265,59.771828
9266,63.337677
9267,66.57505
9268,58.58106
9269,85.620384
9270,54.42969
9271,77.07265
9272,37.197433
9273,56.88547
9274,62.68583
9275,75.73699
9276,51.657486
9277,47.028492
9278,65.41507
9279,79.872345
9280,78.12388
9281,47.269997
9282,55.366764
9283,79.601
9284,49.797714
9285,66.62556
9286,68.83313
9287,71.19714
9288,66.65332
9289,71.13949
9290,76.626205
9291,51.199505
9292,76.3676
9293,49.13552
9294,46.848732
9295,76.76313
9296,50.24017
9297,60.309486
9298,67.285416
9299,71.71548
9300,79.85917
9301,73.710396
9302,73.55701
9303,54.795677
9304,82.98388
9305,59.143444
9306,71.113144
9307,54.4612
9308,40.926544
9309,87.00543
9310,54.15518
9311,60.984825
9312,65.92329
9313,55.577362
9314,84.04163
9315,75.12225
9316,78.28094
9317,61.39905
9318,61.909115
9319,58.728786
9320,86.442635
9321,55.44764
9322,60.883816
9323,59.94256
9324,65.84343
9325,80.55277
9326,60.20826
9327,71.36323
9328,61.844845
9329,53.300865
9330,69.43341
9331,54.003464
9332,73.45942
9333,68.58143
9334,59.820667
9335,71.70753
9336,62.998672
9337,71.438705
9338,53.74089
9339,62.14748
9340,82.36341
9341,62.62875
9342,55.540115
9343,55.690376
9344,59.547592
9345,64.02857
9346,41.20687
9347,89.60512
9348,49.75518
9349,55.504276
9350,87.444046
9351,74.821846
9352,80.033806
9353,68.41248
9354,49.732918
9355,78.263374
9356,52.439217
9357,76.05789
9358,56.25462
9359,88.335556
9360,67.6376
9361,83.54698
9362,76.03588
9363,75.9432
9364,66.23321
9365,57.332912
9366,67.84085
9367,65.0012
9368,41.354183
9369,49.86126
9370,66.25684
9371,65.01973
9372,47.371433
9373,54.38533
9374,42.968647
9375,72.579254
9376,48.738506
9377,81.048416
9378,54.584133
9379,57.904144
9380,56.05544
9381,70.545845
9382,66.75743
9383,79.77864
9384,83.58698
9385,61.431343
9386,47.773647
9387,60.86554
9388,47.857384
9389,56.765106
9390,65.78994
9391,59.975826
9392,89.03576
9393,71.45324
9394,72.59878
9395,53.89952
9396,84.36098
9397,79.302
9398,63.808235
9399,63.83699
9400,70.07475
9401,58.692295
9402,75.28365
9403,62.495007
9404,80.177155
9405,73.105446
9406,75.20653
9407,62.592396
9408,69.91742
9409,61.016552
9410,72.32392
9411,77.08919
9412,69.345116
9413,58.905052
9414,63.887318
9415,69.33536
9416,91.75585
9417,66.11825
9418,70.471634
9419,55.023483
9420,68.45518
9421,86.66196
9422,69.630035
9423,53.653625
9424,64.676346
9425,78.42889
9426,51.681126
9427,59.42336
9428,56.93045
9429,65.51766
9430,74.044266
9431,63.904854
9432,59.274387
9433,60.060276
9434,48.73076
9435,46.280083
9436,75.42339
9437,70.643654
9438,59.107204
9439,93.26496
9440,52.46565
9441,51.574944
9442,51.10248
9443,78.115105
9444,57.953545
9445,50.31045
9446,66.57175
9447,61.702526
9448,73.54078
9449,55.73515
9450,63.19702
9451,73.61129
9452,77.14023
9453,52.779865
9454,65.46071
9455,92.547714
9456,62.84937
9457,58.165455
9458,74.512215
9459,56.373184
9460,70.776375
9461,93.82696
9462,74.45908
9463,56.634426
9464,46.878803
9465,55.43982
9466,67.991776
9467,71.398445
9468,74.83138
9469,66.26827
9470,80.49991
9471,64.46023
9472,81.20185
9473,60.625137
9474,48.188225
9475,53.56591
9476,60.64083
9477,46.326393
9478,79.735634
9479,64.67456
9480,61.404385
9481,58.93732
9482,48.962017
9483,73.78421
9484,74.77115
9485,67.64636
9486,96.16842
9487,74.65928
9488,93.003456
9489,57.71272
9490,40.79876
9491,47.732174
9492,51.708263
9493,48.1767
9494,42.65789
9495,65.11758
9496,53.119034
9497,53.818825
9498,51.786198
9499,69.9243
9500,72.727295
9501,52.975605
9502,57.39908
9503,81.01507
9504,77.42293
9505,70.19269
9506,52.15272
9507,81.12528
9508,72.945045
9509,61.31074
9510,73.541626
9511,46.27497
9512,71.03976
9513,72.637695
9514,52.450146
9515,60.4948
9516,49.528675
9517,53.560143
9518,73.3475
9519,46.306774
9520,62.26366
9521,59.228596
9522,52.976994
9523,74.29797
9524,42.643364
9525,89.61645
9526,51.395657
9527,62.39465
9528,65.741875
9529,73.941505
9530,61.95804
9531,61.747143
9532,60.702957
9533,89.74745
9534,50.441555
9535,66.10252
9536,46.099327
9537,51.08683
9538,70.37553
9539,71.056915
9540,48.419106
9541,64.34221
9542,54.675167
9543,64.26145
9544,75.00779
9545,58.57637
9546,65.07062
9547,60.68399
9548,66.88794
9549,58.52454
9550,73.49755
9551,66.24187
9552,66.459305
9553,71.35209
9554,68.74849
9555,57.177525
9556,84.34392
9557,76.879845
9558,53.46266
9559,63.327656
9560,63.458076
9561,74.2209
9562,57.31692
9563,62.33492
9564,62.150898
9565,57.030857
9566,84.64725
9567,63.82521
9568,72.817345
9569,92.66612
9570,68.544975
9571,63.403664
9572,62.98047
9573,56.564754
9574,57.131413
9575,53.38125
9576,65.305595
9577,51.719543
9578,64.68156
9579,50.87908
9580,82.15225
9581,72.8532
9582,84.35063
9583,77.144104
9584,43.59783
9585,54.17548
9586,54.114906
9587,63.821423
9588,56.807217
9589,58.916466
9590,61.411686
9591,68.454735
9592,46.49487
9593,75.73607
9594,58.74225
9595,58.45953
9596,48.643368
9597,73.81688
9598,65.389404
9599,52.662594
9600,77.508224
9601,57.937855
9602,71.68029
9603,54.527443
9604,77.50884
9605,41.45834
9606,43.431805
9607,64.09077
9608,61.83466
9609,73.58959
9610,62.48193
9611,65.681114
9612,57.79668
9613,53.097675
9614,64.197464
9615,57.301373
9616,62.12684
9617,77.1635
9618,57.93335
9619,73.46101
9620,69.10778
9621,75.44488
9622,75.429146
9623,57.456753
9624,47.641182
9625,49.79498
9626,45.00258
9627,53.554638
9628,74.22565
9629,54.236206
9630,55.42547
9631,70.42114
9632,70.36717
9633,72.68556
9634,49.568253
9635,68.51248
9636,61.485016
9637,50.466373
9638,74.31329
9639,51.03143
9640,61.76947
9641,90.77545
9642,67.8861
9643,66.343185
9644,59.71024
9645,58.981537
9646,67.81542
9647,58.837444
9648,59.88705
9649,58.275883
9650,76.31057
9651,66.16229
9652,73.48501
9653,72.59256
9654,69.604675
9655,53.292183
9656,47.96423
9657,55.117924
9658,49.325603
9659,50.970284
9660,65.63863
9661,63.60124
9662,78.65993
9663,37.94672
9664,58.97522
9665,47.84682
9666,41.89817
9667,57.22448
9668,66.943756
9669,43.833935
9670,75.16657
9671,60.563473
9672,75.702126
9673,51.10852
9674,67.44296
9675,56.060913
9676,53.482376
9677,60.588253
9678,42.242523
9679,56.599754
9680,80.29739
9681,65.37646
9682,67.38922
9683,97.46746
9684,64.64268
9685,66.91299
9686,57.267323
9687,70.7375
9688,69.07768
9689,82.33665
9690,48.737076
9691,68.67369
9692,75.93035
9693,70.915
9694,69.84505
9695,59.228138
9696,91.94487
9697,57.409927
9698,44.87936
9699,81.06199
9700,83.03288
9701,57.70561
9702,70.36606
9703,54.595455
9704,63.34584
9705,71.71551
9706,64.50217
9707,92.13018
9708,82.13292
9709,83.2699
9710,62.677914
9711,50.90021
9712,49.95183
9713,52.340088
9714,88.125656
9715,38.86407
9716,77.71692
9717,56.57895
9718,85.984634
9719,60.14268
9720,60.988144
9721,64.94825
9722,82.8975
9723,77.19803
9724,79.42859
9725,61.07895
9726,72.591545
9727,72.25731
9728,69.412186
9729,52.396595
9730,65.2491
9731,82.01603
9732,59.374237
9733,69.119026
9734,69.20493
9735,93.60692
9736,77.69652
9737,85.96614
9738,46.584263
9739,57.57769
9740,58.425198
9741,67.1949
9742,71.40742
9743,70.897446
9744,54.758175
9745,50.370945
9746,56.19289
9747,59.920296
9748,81.59702
9749,75.22963
9750,54.45082
9751,56.364803
9752,72.39654
9753,55.89824
9754,41.512104
9755,65.442314
9756,77.067406
9757,42.65508
9758,45.644413
9759,47.47075
9760,72.50015
9761,63.04597
9762,78.656334
9763,54.417194
9764,51.165665
9765,71.14376
9766,74.4348
9767,70.94387
9768,63.120304
9769,62.90069
9770,68.19253
9771,53.017876
9772,59.788567
9773,67.28511
9774,59.115803
9775,69.76011
9776,74.68699
9777,82.515305
9778,78.24108
9779,56.241306
9780,67.39084
9781,64.85038
9782,73.56331
9783,68.825455
9784,57.01166
9785,56.11587
9786,60.659595
9787,60.599777
9788,47.390263
9789,69.25153
9790,54.259506
9791,50.893806
9792,53.3402
9793,49.06388
9794,58.890297
9795,61.79831
9796,53.302456
9797,56.705906
9798,57.756966
9799,83.21335
9800,71.72728
9801,70.28638
9802,74.97521
9803,61.058575
9804,55.21377
9805,66.21888
9806,56.02712
9807,75.5029
9808,69.68896
9809,60.988132
9810,60.298332
9811,56.98843
9812,96.31865
9813,57.8614
9814,84.51476
9815,85.97467
9816,42.06892
9817,64.79381
9818,62.729084
9819,51.28236
9820,44.820374
9821,81.33735
9822,78.26801
9823,70.6072
9824,72.31776
9825,64.45195
9826,65.15238
9827,45.71142
9828,68.82492
9829,59.57608
9830,58.446766
9831,75.85902
9832,61.619595
9833,73.3364
9834,56.479088
9835,59.099606
9836,62.080593
9837,52.845352
9838,85.79323
9839,58.806812
9840,69.90053
9841,79.97421
9842,98.01373
9843,57.59386
9844,67.98336
9845,65.66017
9846,63.347084
9847,53.723797
9848,59.61671
9849,56.16439
9850,72.75013
9851,79.45917
9852,56.786724
9853,61.478817
9854,77.29902
9855,69.84402
9856,64.39094
9857,65.260185
9858,60.780083
9859,50.92421
9860,63.199345
9861,74.7312
9862,45.212715
9863,62.421867
9864,56.971607
9865,57.724674
9866,63.3535
9867,59.13768
9868,60.287884
9869,62.538063
9870,41.961464
9871,58.256504
9872,65.44724
9873,65.93315
9874,60.413074
9875,84.471695
9876,82.687744
9877,53.87325
9878,47.976425
9879,63.963177
9880,76.67562
9881,48.400547
9882,61.53725
9883,91.455284
9884,43.907066
9885,56.36136
9886,48.412716
9887,53.26366
9888,65.890495
9889,78.66903
9890,53.626804
9891,54.980034
9892,43.158012
9893,53.96456
9894,77.33986
9895,78.98388
9896,67.04178
9897,76.03922
9898,45.988804
9899,64.359344
9900,55.287277
9901,65.60786
9902,75.43955
9903,57.628983
9904,58.4039
9905,58.40111
9906,70.03645
9907,69.08074
9908,69.643105
9909,62.17668
9910,72.06425
9911,59.193962
9912,54.898605
9913,66.708046
9914,69.75946
9915,73.46883
9916,67.59947
9917,55.865482
9918,82.08197
9919,68.44163
9920,59.530396
9921,58.803085
9922,71.227394
9923,50.292393
9924,72.738754
9925,74.876434
9926,53.989407
9927,79.80017
9928,73.23323
9929,51.875526
9930,51.556053
9931,56.489468
9932,76.04762
9933,81.33291
9934,53.914886
9935,51.127296
9936,47.386986
9937,72.68805
9938,67.39028
9939,99.082375
9940,53.38335
9941,93.67439
9942,58.80823
9943,65.36816
9944,86.77697
9945,66.69801
9946,62.690178
9947,97.890854
9948,48.561398
9949,85.82951
9950,84.19396
9951,60.700558
9952,75.24818
9953,61.223366
9954,71.31023
9955,62.95023
9956,80.8096
9957,44.056187
9958,58.653057
9959,64.470695
9960,57.70157
9961,64.321465
9962,58.768486
9963,69.82197
9964,59.73803
9965,52.30811
9966,68.824936
9967,68.063644
9968,64.39507
9969,79.820755
9970,77.26985
9971,57.038136
9972,68.81245
9973,71.09554
9974,55.815865
9975,81.74524
9976,82.13207
9977,51.372494
9978,90.38876
9979,60.393814
9980,74.29383
9981,45.678993
9982,62.733875
9983,62.501072
9984,74.42706
9985,46.149273
9986,56.184753
9987,50.768593
9988,70.92845
9989,58.582264
9990,70.5988
9991,51.476448
9992,60.242317
9993,78.52609
9994,68.04921
9995,50.733624
9996,53.41415
9997,43.153214
9998,65.44396
9999,81.1408
10000,70.24176
10001,36.442406
10002,72.63117
10003,51.92642
10004,70.41947
10005,68.36518
10006,57.680218
10007,82.99222
10008,53.473366
10009,63.046425
10010,43.68422
10011,74.74228
10012,74.10706
10013,56.06175
10014,56.515266
10015,79.12292
10016,59.466553
10017,68.606766
10018,54.00391
10019,64.05456
10020,65.52638
10021,51.79309
10022,77.668846
10023,79.60243
10024,46.41372
10025,59.464184
10026,53.78068
10027,70.44946
10028,71.116776
10029,69.19989
10030,83.3229
10031,68.822716
10032,56.34123
10033,54.31831
10034,89.90653
10035,51.043224
10036,55.108257
10037,71.18305
10038,62.300095
10039,75.62899
10040,62.73973
10041,46.31692
10042,54.37578
10043,74.62655
10044,73.356155
10045,72.190315
10046,69.523056
10047,54.060333
10048,73.168396
10049,66.16242
10050,62.69847
10051,72.26092
10052,55.17273
10053,41.97245
10054,68.8788
10055,50.198246
10056,56.33333
10057,45.189228
10058,50.824932
10059,62.96473
10060,78.6099
10061,69.1139
10062,65.043205
10063,70.16592
10064,61.969894
10065,69.34328
10066,57.22019
10067,42.766438
10068,49.689274
10069,104.19598
10070,52.613453
10071,56.60989
10072,60.11353
10073,70.65702
10074,63.06655
10075,65.89969
10076,62.449356
10077,59.585537
10078,64.60114
10079,70.38959
10080,41.98714
10081,62.56999
10082,57.339375
10083,77.114365
10084,91.3232
10085,65.50536
10086,69.135704
10087,81.791534
10088,54.936398
10089,62.794502
10090,75.431755
10091,88.57151
10092,56.47616
10093,62.452194
10094,66.01372
10095,64.82621
10096,77.99648
10097,73.99327
10098,50.740345
10099,78.94887
10100,41.180134
10101,66.92865
10102,59.89608
10103,63.444195
10104,64.78627
10105,77.79214
10106,72.279945
10107,82.15382
10108,86.32203
10109,61.795277
10110,49.718594
10111,59.08399
10112,41.140057
10113,57.371605
10114,62.990986
10115,69.625435
10116,67.931145
10117,50.61528
10118,63.90823
10119,76.318436
10120,67.838165
10121,58.706898
10122,57.237885
10123,63.35404
10124,81.86671
10125,83.19706
10126,59.20632
10127,58.37055
10128,49.431316
10129,74.20204
10130,73.14057
10131,54.806408
10132,69.731804
10133,42.01114
10134,81.44691
10135,55.397213
10136,57.83012
10137,45.583275
10138,63.64845
10139,63.83488
10140,80.07184
10141,75.61153
10142,88.71319
10143,69.815414
10144,75.62303
10145,78.535965
10146,66.247986
10147,85.39672
10148,60.9152
10149,91.693954
10150,50.8947
10151,68.09086
10152,68.58668
10153,71.20131
10154,74.922066
10155,67.18402
10156,67.159325
10157,58.39813
10158,82.49414
10159,75.75131
10160,53.651875
10161,69.80287
10162,70.44872
10163,58.99538
10164,63.605953
10165,53.174744
10166,50.140827
10167,71.09332
10168,76.3234
10169,59.263477
10170,67.50116
10171,58.43156
10172,61.62784
10173,64.46658
10174,49.690453
10175,56.20309
10176,56.886852
10177,54.021088
10178,81.41334
10179,67.32409
10180,57.772556
10181,58.45857
10182,47.1189
10183,55.207924
10184,52.80382
10185,49.229744
10186,63.961937
10187,75.86307
10188,55.803844
10189,53.57652
10190,75.57112
10191,82.90654
10192,45.90007
10193,69.41903
10194,52.308643
10195,70.29993
10196,59.66718
10197,73.99973
10198,55.81947
10199,66.44604
10200,33.87219
10201,59.621193
10202,86.702034
10203,76.36764
10204,54.841957
10205,74.80772
10206,55.438335
10207,44.95384
10208,70.43343
10209,45.108406
10210,68.90609
10211,76.76477
10212,67.97554
10213,79.011635
10214,48.058563
10215,59.170773
10216,54.80746
10217,50.645237
10218,62.182617
10219,69.112274
10220,86.32655
10221,89.26881
10222,72.81693
10223,67.230644
10224,60.711594
10225,40.22218
10226,51.973
10227,54.112255
10228,54.5932
10229,63.24841
10230,58.905045
10231,63.59241
10232,55.27755
10233,73.356804
10234,52.281506
10235,64.637794
10236,74.306854
10237,67.32834
10238,72.27672
10239,61.92672
10240,66.35449
10241,49.03485
10242,34.800102
10243,79.886856
10244,75.78415
10245,74.38421
10246,64.5495
10247,64.64286
10248,89.27251
10249,45.059834
10250,54.522354
10251,62.5747
10252,84.26337
10253,60.810944
10254,30.29443
10255,76.12081
10256,46.551666
10257,58.750885
10258,64.107346
10259,47.166782
10260,60.343426
10261,69.32714
10262,69.35279
10263,48.548855
10264,83.417305
10265,57.345097
10266,82.10215
10267,62.215885
10268,63.82432
10269,75.648605
10270,77.23092
10271,55.16781
10272,63.483494
10273,49.036793
10274,63.699177
10275,65.276146
10276,49.24057
10277,49.378563
10278,58.66056
10279,61.465626
10280,64.89449
10281,44.55412
10282,72.46577
10283,61.058987
10284,50.16717
10285,79.52099
10286,66.92983
10287,57.824776
10288,67.862015
10289,74.647285
10290,60.299866
10291,39.09954
10292,57.624374
10293,83.92541
10294,63.237976
10295,51.231857
10296,88.51451
10297,64.85409
10298,61.09007
10299,47.32644
10300,65.85209
10301,64.981895
10302,55.141575
10303,63.35359
10304,69.3314
10305,40.30681
10306,60.553574
10307,72.75377
10308,82.09654
10309,46.269943
10310,50.09122
10311,73.02011
10312,69.68084
10313,69.36953
10314,59.04912
10315,71.30689
10316,69.39789
10317,68.349174
10318,60.450657
10319,53.84048
10320,52.86817
10321,76.02462
10322,37.362972
10323,77.47354
10324,62.641975
10325,64.43022
10326,69.00192
10327,45.51439
10328,54.139763
10329,64.03672
10330,87.86267
10331,71.347435
10332,63.84658
10333,62.978756
10334,74.05653
10335,63.97793
10336,60.790253
10337,66.16608
10338,63.274086
10339,48.266197
10340,62.2324
10341,81.91245
10342,68.468445
10343,71.792496
10344,61.553936
10345,59.597015
10346,86.66791
10347,66.37143
10348,56.395275
10349,60.742672
10350,48.35422
10351,62.39135
10352,98.186966
10353,49.724865
10354,66.43219
10355,53.739754
10356,59.46263
10357,56.438023
10358,60.682476
10359,70.88167
10360,71.12972
10361,51.095623
10362,63.93835
10363,60.896973
10364,83.929115
10365,85.642395
10366,47.5882
10367,65.05604
10368,39.049053
10369,54.296215
10370,46.255684
10371,66.61583
10372,70.57491
10373,85.54367
10374,61.065468
10375,76.79307
10376,49.953
10377,68.23866
10378,52.827694
10379,63.372227
10380,68.743866
10381,57.975582
10382,71.415695
10383,82.55605
10384,68.463554
10385,60.705246
10386,52.756012
10387,73.56291
10388,63.972927
10389,61.269844
10390,90.28758
10391,67.58828
10392,52.31691
10393,79.971344
10394,67.95859
10395,51.487404
10396,48.209713
10397,63.76092
10398,50.139503
10399,59.931427
10400,64.71345
10401,69.68351
10402,57.022736
10403,57.386105
10404,74.19986
10405,70.71763
10406,68.02237
10407,71.07731
10408,74.153305
10409,81.67534
10410,61.1451
10411,67.77384
10412,65.49053
10413,81.65374
10414,71.968994
10415,56.082966
10416,48.266808
10417,58.429054
10418,56.519524
10419,58.286415
10420,56.371075
10421,71.572945
10422,61.163414
10423,79.6182
10424,37.20799
10425,54.556725
10426,67.14682
10427,78.60587
10428,100.691185
10429,86.58792
10430,75.53432
10431,39.597797
10432,70.19456
10433,52.622013
10434,48.278595
10435,59.951584
10436,66.80186
10437,64.11842
10438,61.7719
10439,76.10286
10440,75.52536
10441,63.92796
10442,71.30791
10443,72.207634
10444,68.63969
10445,63.797474
10446,59.906876
10447,71.193245
10448,91.671974
10449,48.620316
10450,62.302143
10451,82.88454
10452,49.6274
10453,60.348804
10454,54.223526
10455,51.91816
10456,66.151695
10457,58.810955
10458,67.99798
10459,52.052795
10460,64.612
10461,50.59741
10462,70.28048
10463,75.475586
10464,83.89603
10465,71.37519
10466,56.91785
10467,64.5602
10468,79.2339
10469,56.751255
10470,57.800255
10471,58.92258
10472,63.334824
10473,43.074894
10474,66.80119
10475,55.911476
10476,57.605522
10477,73.525116
10478,48.611702
10479,81.20321
10480,82.51618
10481,66.186455
10482,49.819485
10483,41.821415
10484,70.69082
10485,81.412415
10486,65.92616
10487,68.35453
10488,51.634644
10489,68.3397
10490,84.472305
10491,49.696373
10492,63.61038
10493,58.276787
10494,71.740654
10495,75.49123
10496,59.553955
10497,66.38064
10498,61.144875
10499,71.37424
10500,48.448437
10501,53.73284
10502,68.53274
10503,50.472397
10504,89.46337
10505,47.63145
10506,73.43096
10507,40.012665
10508,61.086514
10509,61.89042
10510,71.3607
10511,50.966297
10512,71.63988
10513,59.322327
10514,77.71463
10515,46.289627
10516,60.193253
10517,57.05245
10518,77.731514
10519,51.343872
10520,53.71939
10521,47.875908
10522,65.29981
10523,66.93153
10524,65.67444
10525,76.310234
10526,81.60478
10527,64.5463
10528,52.182037
10529,73.06293
10530,73.03058
10531,67.37726
10532,57.657234
10533,64.04209
10534,75.57612
10535,50.84845
10536,58.169224
10537,60.70038
10538,52.208035
10539,66.52566
10540,56.787056
10541,65.19716
10542,69.02083
10543,34.048737
10544,62.8387
10545,60.912994
10546,72.04804
10547,52.733883
10548,66.44743
10549,80.285286
10550,68.76933
10551,73.778625
10552,84.8043
10553,48.212887
10554,70.898155
10555,76.86088
10556,64.641495
10557,84.27503
10558,84.812614
10559,96.7029
10560,54.39228
10561,55.44481
10562,60.081974
10563,79.50654
10564,51.95385
10565,55.08951
10566,84.61974
10567,73.6101
10568,68.768745
10569,68.59484
10570,63.12806
10571,96.23732
10572,57.66877
10573,72.551895
10574,41.064034
10575,37.47763
10576,45.403072
10577,85.42742
10578,53.724655
10579,52.607594
10580,43.485275
10581,61.949234
10582,48.77002
10583,40.707584
10584,72.12619
10585,72.57903
10586,58.32982
10587,63.97203
10588,61.54858
10589,54.443913
10590,61.882614
10591,72.07512
10592,78.21407
10593,59.022564
10594,48.712276
10595,43.751583
10596,65.66482
10597,71.671074
10598,52.50146
10599,55.26313
10600,69.86558
10601,56.40743
10602,54.02111
10603,48.51759
10604,65.56251
10605,76.88469
10606,66.67933
10607,48.896275
10608,68.24537
10609,62.745487
10610,44.886135
10611,55.710255
10612,65.09053
10613,68.137276
10614,76.074936
10615,56.250168
10616,63.041977
10617,43.865288
10618,68.19324
10619,33.578568
10620,48.75597
10621,59.72664
10622,48.392254
10623,63.758026
10624,70.13814
10625,37.222107
10626,51.82926
10627,77.71418
10628,59.562096
10629,89.44202
10630,58.90553
10631,50.937008
10632,62.346207
10633,78.643166
10634,59.190334
10635,51.14778
10636,66.75879
10637,51.83578
10638,60.962967
10639,60.82464
10640,58.434032
10641,62.72104
10642,65.59094
10643,59.044838
10644,47.145393
10645,65.37952
10646,46.65906
10647,61.205086
10648,58.672703
10649,63.97805
10650,69.73356
10651,48.14065
10652,69.96059
10653,45.615784
10654,85.65141
10655,77.32147
10656,65.21246
10657,32.602604
10658,57.30109
10659,83.854866
10660,66.51729
10661,66.596054
10662,52.582596
10663,79.525795
10664,58.333
10665,63.653008
10666,69.80185
10667,69.25851
10668,67.25178
10669,70.73677
10670,63.874092
10671,74.16782
10672,61.138245
10673,76.00113
10674,65.78546
10675,69.372734
10676,73.91612
10677,74.06352
10678,57.2396
10679,59.388683
10680,66.25227
10681,59.839108
10682,47.40516
10683,50.550934
10684,66.86427
10685,72.998535
10686,75.9965
10687,51.90031
10688,52.091244
10689,69.29724
10690,75.43756
10691,64.38552
10692,77.66922
10693,47.33568
10694,69.503136
10695,50.0274
10696,75.07532
10697,76.16995
10698,68.072365
10699,67.32751
10700,70.9975
10701,47.88571
10702,58.277966
10703,57.62021
10704,57.067837
10705,67.80869
10706,63.13672
10707,73.0739
10708,69.03508
10709,63.098072
10710,70.56257
10711,47.52954
10712,75.7421
10713,59.92455
10714,66.56677
10715,52.75155
10716,56.304085
10717,81.084816
10718,77.93464
10719,71.46086
10720,55.920856
10721,60.7166
10722,79.97708
10723,54.66399
10724,86.66311
10725,76.56688
10726,60.385494
10727,53.893673
10728,67.86569
10729,72.925224
10730,65.1004
10731,93.118454
10732,63.807552
10733,75.05281
10734,55.86327
10735,63.744442
10736,57.380074
10737,68.704994
10738,73.92136
10739,84.3904
10740,64.65892
10741,59.251785
10742,60.485424
10743,64.170975
10744,79.436424
10745,50.219296
10746,70.50058
10747,62.589897
10748,69.31126
10749,61.181664
10750,57.336555
10751,82.992455
10752,60.484962
10753,72.25337
10754,52.709408
10755,71.7893
10756,59.033768
10757,75.630905
10758,79.43802
10759,73.997314
10760,53.688473
10761,73.70664
10762,52.667305
10763,50.72185
10764,56.766407
10765,69.96321
10766,60.558372
10767,77.13083
10768,71.88946
10769,53.97238
10770,54.318253
10771,67.1426
10772,69.56148
10773,58.06913
10774,69.81758
10775,69.065865
10776,66.805016
10777,64.77011
10778,77.01741
10779,57.99621
10780,70.18438
10781,65.43442
10782,80.46826
10783,66.5176
10784,52.950775
10785,58.541546
10786,44.719032
10787,75.49464
10788,63.2973
10789,63.34513
10790,63.14338
10791,83.48789
10792,71.67339
10793,45.48774
10794,64.71368
10795,70.383224
10796,71.41228
10797,72.36084
10798,44.745228
10799,70.80626
10800,53.255398
10801,66.889206
10802,69.8329
10803,50.403214
10804,63.280502
10805,54.924877
10806,65.46323
10807,45.605247
10808,76.58457
10809,38.776764
10810,62.241222
10811,57.502052
10812,92.42902
10813,67.66518
10814,69.75665
10815,52.18614
10816,74.9459
10817,69.01906
10818,73.760414
10819,66.16087
10820,77.17043
10821,58.624306
10822,82.493866
10823,37.18678
10824,58.203728
10825,53.64
10826,60.831787
10827,71.94102
10828,65.453415
10829,73.83103
10830,50.99739
10831,68.243
10832,74.144615
10833,70.70839
10834,56.338566
10835,50.436935
10836,58.191437
10837,63.085285
10838,60.2313
10839,89.61116
10840,50.517586
10841,64.48599
10842,49.08976
10843,75.391426
10844,57.026863
10845,48.12162
10846,56.163273
10847,55.198082
10848,76.68779
10849,43.192486
10850,40.78522
10851,81.70021
10852,78.0097
10853,59.193645
10854,44.684067
10855,76.37021
10856,43.10473
10857,54.040943
10858,52.691723
10859,72.1249
10860,53.91637
10861,51.196667
10862,82.83887
10863,73.09675
10864,66.99872
10865,69.5469
10866,40.854576
10867,72.79364
10868,69.002716
10869,54.544678
10870,73.53655
10871,85.404816
10872,56.40354
10873,46.392574
10874,80.73371
10875,61.98301
10876,63.06998
10877,67.34645
10878,70.23727
10879,49.58436
10880,84.57425
10881,51.9082
10882,59.854103
10883,51.4335
10884,69.671585
10885,81.786545
10886,68.17536
10887,66.87344
10888,76.15879
10889,74.56652
10890,53.0292
10891,43.680904
10892,72.17585
10893,64.261375
10894,52.55211
10895,43.907772
10896,54.048145
10897,58.269382
10898,41.407444
10899,75.27485
10900,74.91699
10901,75.11116
10902,50.818726
10903,63.40012
10904,75.566414
10905,52.57686
10906,93.47603
10907,50.787487
10908,82.19331
10909,55.586876
10910,68.528076
10911,93.127106
10912,49.133274
10913,52.1807
10914,66.77523
10915,63.995453
10916,71.63789
10917,89.70508
10918,61.701134
10919,55.203053
10920,64.02445
10921,60.396507
10922,69.60348
10923,48.751163
10924,53.370914
10925,62.552147
10926,71.55169
10927,84.250565
10928,47.63962
10929,43.287083
10930,62.56713
10931,45.008396
10932,60.032806
10933,88.28301
10934,85.36545
10935,47.568874
10936,82.337296
10937,62.068653
10938,37.07557
10939,64.33236
10940,58.32728
10941,81.03788
10942,52.431053
10943,53.589714
10944,71.01753
10945,62.2224
10946,68.83092
10947,53.200542
10948,68.94022
10949,68.49467
10950,64.38903
10951,63.129322
10952,55.387455
10953,70.43784
10954,41.530422
10955,47.362755
10956,55.730667
10957,70.705
10958,78.86079
10959,66.16924
10960,107.39548
10961,68.1024
10962,68.504654
10963,39.31388
10964,62.656384
10965,65.76048
10966,49.50951
10967,56.868557
10968,82.08516
10969,78.26816
10970,69.32442
10971,57.46013
10972,73.56856
10973,66.59671
10974,77.36321
10975,63.296196
10976,71.308044
10977,61.490654
10978,56.786537
10979,60.633312
10980,86.29584
10981,50.648876
10982,57.233276
10983,55.240326
10984,51.59718
10985,63.064503
10986,58.765785
10987,64.081665
10988,69.26368
10989,87.60466
10990,47.30912
10991,53.97001
10992,72.52198
10993,71.16836
10994,66.86109
10995,44.861923
10996,56.28374
10997,59.67418
10998,74.44734
10999,84.06176
11000,73.94009
11001,54.252502
11002,51.718655
11003,56.510998
11004,66.759094
11005,53.44936
11006,79.51907
11007,40.54194
11008,46.426346
11009,69.34957
11010,54.161057
11011,64.31153
11012,89.79863
11013,73.4429
11014,75.16874
11015,69.61776
11016,56.872246
11017,60.90382
11018,58.44629
11019,63.55664
11020,59.86196
11021,39.811157
11022,62.601032
11023,62.106274
11024,46.16015
11025,76.05829
11026,58.80238
11027,66.60037
11028,56.124382
11029,58.870277
11030,61.296383
11031,57.65466
11032,77.05969
11033,55.373714
11034,72.820885
11035,67.81246
11036,68.3527
11037,64.78111
11038,73.61854
11039,61.997395
11040,78.103676
11041,52.27949
11042,78.779816
11043,56.5669
11044,65.80269
11045,74.56523
11046,60.659977
11047,61.032745
11048,54.565342
11049,54.790146
11050,65.89903
11051,55.29132
11052,66.65177
11053,45.16644
11054,64.6734
11055,53.342922
11056,51.87071
11057,77.18259
11058,59.560253
11059,59.125057
11060,34.99603
11061,49.94711
11062,52.651108
11063,54.78684
11064,61.191643
11065,81.609634
11066,55.10382
11067,57.36365
11068,56.250088
11069,63.032726
11070,65.45391
11071,59.183434
11072,93.5117
11073,76.8397
11074,93.52266
11075,64.1983
11076,48.61984
11077,48.69739
11078,71.12217
11079,66.97204
11080,69.95587
11081,68.60002
11082,73.0724
11083,64.44894
11084,79.80041
11085,82.35606
11086,74.09332
11087,73.90569
11088,66.09174
11089,62.911125
11090,55.538067
11091,80.789635
11092,73.652214
11093,62.907
11094,63.624252
11095,66.46826
11096,73.93139
11097,46.210667
11098,53.967163
11099,60.0452
11100,64.30885
11101,51.14289
11102,60.679523
11103,53.103348
11104,55.469196
11105,58.73938
11106,59.29984
11107,61.79301
11108,49.01146
11109,62.11704
11110,58.286453
11111,53.01728
11112,58.43914
11113,63.63386
11114,46.73834
11115,55.998047
11116,69.97355
11117,59.195225
11118,62.60465
11119,80.483894
11120,74.4488
11121,52.885548
11122,42.542168
11123,69.08675
11124,69.408424
11125,61.188385
11126,66.95174
11127,45.369972
11128,55.519615
11129,41.805347
11130,68.412766
11131,51.51482
11132,65.54359
11133,83.03506
11134,60.85511
11135,61.373653
11136,56.19785
11137,48.306927
11138,68.04582
11139,43.946445
11140,40.225327
11141,63.750935
11142,47.944336
11143,66.877785
11144,75.89634
11145,63.859127
11146,62.064648
11147,60.69468
11148,64.277374
11149,64.12963
11150,69.0889
11151,62.367077
11152,62.593258
11153,45.07459
11154,68.44542
11155,58.02628
11156,54.114014
11157,55.578194
11158,73.911545
11159,74.235435
11160,79.00382
11161,75.06437
11162,49.257008
11163,79.78935
11164,58.806152
11165,88.6461
11166,66.40284
11167,78.206024
11168,60.757965
11169,86.62256
11170,39.730286
11171,58.656845
11172,50.376553
11173,75.811966
11174,65.40232
11175,76.398094
11176,61.463154
11177,61.225952
11178,59.213524
11179,63.78447
11180,62.608734
11181,64.08418
11182,64.93409
11183,80.16032
11184,60.190044
11185,47.99962
11186,81.48248
11187,57.771725
11188,77.1841
11189,76.855965
11190,74.644714
11191,58.401367
11192,62.709587
11193,79.509224
11194,77.29221
11195,49.15039
11196,61.018112
11197,61.66723
11198,59.420963
11199,86.62994
11200,58.05108
11201,81.64524
11202,56.4277
11203,68.134094
11204,74.57582
11205,66.67694
11206,66.78231
11207,62.41477
11208,52.868084
11209,55.880898
11210,63.265053
11211,70.574776
11212,77.886894
11213,67.78483
11214,55.327538
11215,48.006588
11216,47.17122
11217,48.89157
11218,73.44169
11219,80.8311
11220,72.11222
11221,80.20564
11222,71.9967
11223,45.75416
11224,59.03945
11225,60.88474
11226,75.22906
11227,64.21089
11228,61.74351
11229,59.813602
11230,67.75333
11231,74.436844
11232,62.49587
11233,45.383106
11234,51.481388
11235,44.966045
11236,63.545353
11237,68.155876
11238,53.41411
11239,61.87192
11240,69.598145
11241,55.883938
11242,51.89779
11243,76.15491
11244,39.862537
11245,79.089386
11246,74.83895
11247,71.435745
11248,45.86337
11249,62.145164
11250,73.30273
11251,72.2665
11252,64.327415
11253,70.522255
11254,72.63147
11255,89.595856
11256,66.67318
11257,70.05642
11258,56.115635
11259,81.39262
11260,75.98528
11261,59.380314
11262,75.2632
11263,53.09711
11264,67.95375
11265,77.615776
11266,49.89487
11267,59.052513
11268,66.51629
11269,62.00849
11270,43.61522
11271,64.71668
11272,57.550777
11273,75.74095
11274,38.333786
11275,54.91642
11276,86.694374
11277,65.27724
11278,62.370876
11279,71.39289
11280,63.292717
11281,68.508545
11282,59.419987
11283,73.956894
11284,78.25176
11285,84.617004
11286,73.145645
11287,81.0371
11288,49.4921
11289,54.490234
11290,64.844124
11291,59.87566
11292,50.551785
11293,61.56734
11294,62.134
11295,49.952877
11296,47.594707
11297,61.058136
11298,68.2549
11299,37.512157
11300,69.987274
11301,61.205524
11302,56.041897
11303,62.07783
11304,61.824585
11305,50.031498
11306,45.396774
11307,72.2532
11308,73.28737
11309,75.41754
11310,88.37733
11311,64.82444
11312,75.82448
11313,63.781975
11314,58.085144
11315,61.004585
11316,68.96506
11317,58.37786
11318,78.489006
11319,44.378723
11320,46.55656
11321,51.93642
11322,57.681023
11323,65.306274
11324,48.882076
11325,48.629654
11326,81.61358
11327,64.266655
11328,85.62897
11329,68.92958
11330,48.50263
11331,63.817085
11332,71.165215
11333,78.945885
11334,79.979095
11335,73.39588
11336,68.72003
11337,60.886833
11338,46.283707
11339,64.81439
11340,34.930058
11341,65.28203
11342,62.14142
11343,71.18616
11344,53.982723
11345,65.22204
11346,77.40712
11347,45.764324
11348,52.70112
11349,66.566
11350,60.07234
11351,72.310745
11352,72.16666
11353,78.43378
11354,66.79014
11355,69.6207
11356,71.90214
11357,68.68935
11358,58.432243
11359,63.88673
11360,54.27753
11361,69.474915
11362,84.96472
11363,39.7161
11364,76.96607
11365,89.07095
11366,87.496216
11367,75.6167
11368,61.11799
11369,67.39007
11370,93.77185
11371,62.612988
11372,66.98651
11373,50.42154
11374,59.131237
11375,69.70643
11376,66.31661
11377,55.526707
11378,62.753174
11379,37.21061
11380,70.15045
11381,47.25899
11382,82.69993
11383,67.48735
11384,75.06251
11385,53.28387
11386,53.4177
11387,51.522076
11388,56.905254
11389,67.86643
11390,50.71471
11391,76.03384
11392,42.843037
11393,50.07485
11394,67.48322
11395,63.094353
11396,65.079834
11397,65.89332
11398,68.37054
11399,69.715294
11400,84.19218
11401,70.26001
11402,47.911613
11403,53.548805
11404,50.91621
11405,54.20739
11406,66.38452
11407,56.064693
11408,77.342155
11409,49.294132
11410,66.878174
11411,60.51092
11412,84.2413
11413,26.339245
11414,58.986603
11415,56.164825
11416,79.749016
11417,50.57157
11418,66.59032
11419,64.62787
11420,53.785877
11421,72.00494
11422,87.38975
11423,63.091244
11424,79.09383
11425,77.83851
11426,44.900345
11427,60.920113
11428,73.42938
11429,58.840252
11430,53.060932
11431,62.46271
11432,53.523605
11433,42.86094
11434,81.06486
11435,61.44224
11436,63.22442
11437,48.83219
11438,56.444603
11439,66.677895
11440,84.12728
11441,66.631996
11442,72.42102
11443,78.64259
11444,71.17658
11445,82.60166
11446,67.330025
11447,72.24987
11448,84.975975
11449,49.366665
11450,56.78253
11451,86.75901
11452,52.25119
11453,72.62647
11454,41.207733
11455,51.473545
11456,47.255535
11457,70.53184
11458,54.528877
11459,58.155113
11460,68.80183
11461,66.037315
11462,75.14606
11463,47.632004
11464,45.48314
11465,82.974785
11466,70.3053
11467,57.76528
11468,58.591133
11469,42.477665
11470,64.30197
11471,65.28102
11472,67.07113
11473,53.571842
11474,59.7763
11475,73.3705
11476,36.39026
11477,75.12189
11478,62.95951
11479,58.942314
11480,80.908485
11481,79.09449
11482,47.27161
11483,84.75412
11484,66.4061
11485,55.103844
11486,48.529224
11487,55.991447
11488,59.141384
11489,60.350464
11490,75.05577
11491,72.30385
11492,62.127613
11493,65.77434
11494,63.24221
11495,79.420906
11496,47.61084
11497,55.49702
11498,61.75792
11499,70.4591
11500,61.2168
11501,68.67801
11502,60.191917
11503,55.034298
11504,84.00931
11505,48.363644
11506,75.27128
11507,64.31231
11508,51.588757
11509,58.565693
11510,67.99425
11511,72.77177
11512,67.85655
11513,62.081963
11514,71.769035
11515,73.35801
11516,64.922005
11517,49.81152
11518,66.24678
11519,72.848595
11520,69.1808
11521,54.862648
11522,78.07765
11523,63.481094
11524,67.56214
11525,68.368546
11526,38.736855
11527,52.37651
11528,75.96686
11529,96.99112
11530,53.44376
11531,56.615902
11532,73.11292
11533,81.25802
11534,78.48912
11535,66.07989
11536,73.26302
11537,51.14847
11538,54.183384
11539,77.03224
11540,73.47924
11541,64.2954
11542,64.80843
11543,72.56785
11544,61.684067
11545,64.79168
11546,61.394188
11547,63.166706
11548,52.12591
11549,52.60853
11550,55.196724
11551,49.652115
11552,66.73976
11553,74.01691
11554,75.05491
11555,84.998405
11556,58.9451
11557,73.97082
11558,55.16788
11559,55.24752
11560,49.87588
11561,49.540264
11562,82.91954
11563,88.22637
11564,72.72586
11565,70.5374
11566,76.291115
11567,68.87095
11568,73.491776
11569,78.3357
11570,64.96672
11571,52.594044
11572,56.92142
11573,81.167336
11574,49.70901
11575,78.96502
11576,60.744427
11577,86.649185
11578,85.10386
11579,68.04264
11580,49.852924
11581,71.86956
11582,66.434364
11583,69.14208
11584,50.515205
11585,66.71583
11586,45.749218
11587,89.238
11588,48.157047
11589,42.999687
11590,93.66381
11591,57.772556
11592,51.252106
11593,63.15096
11594,64.20032
11595,90.09973
11596,67.09029
11597,66.26266
11598,66.73822
11599,67.68357
11600,69.33719
11601,70.534096
11602,63.27116
11603,77.00184
11604,59.640797
11605,59.88589
11606,72.05389
11607,73.513954
11608,78.8574
11609,46.47643
11610,62.69811
11611,53.808197
11612,76.33804
11613,54.283207
11614,65.26088
11615,64.34513
11616,55.665157
11617,56.331997
11618,46.02864
11619,86.02435
11620,69.17451
11621,46.44548
11622,66.21648
11623,51.533092
11624,51.267258
11625,65.444786
11626,60.479538
11627,77.83818
11628,77.53772
11629,41.250797
11630,74.7506
11631,95.955414
11632,50.396713
11633,84.08011
11634,50.391476
11635,43.387337
11636,42.088024
11637,56.83856
11638,92.577446
11639,39.21023
11640,58.56229
11641,56.056732
11642,47.734287
11643,87.43109
11644,68.63041
11645,64.58714
11646,56.768185
11647,72.880615
11648,71.40237
11649,57.04901
11650,54.76205
11651,85.42283
11652,67.066925
11653,60.015125
11654,50.44312
11655,60.731274
11656,72.04685
11657,45.69462
11658,55.14308
11659,52.977802
11660,85.33355
11661,59.638126
11662,58.69314
11663,76.7448
11664,52.696857
11665,72.01999
11666,45.044437
11667,62.709064
11668,63.641277
11669,72.07885
11670,57.4195
11671,39.45987
11672,80.37434
11673,68.34231
11674,63.517807
11675,52.232426
11676,71.88598
11677,78.35843
11678,72.07905
11679,50.916977
11680,81.2813
11681,67.0468
11682,71.31115
11683,59.128407
11684,51.995796
11685,72.81326
11686,73.272
11687,54.764164
11688,47.740295
11689,62.72403
11690,72.03067
11691,51.97042
11692,73.60294
11693,69.27503
11694,55.137314
11695,67.7648
11696,49.791786
11697,60.718483
11698,57.752773
11699,73.00792
11700,49.688442
11701,62.699207
11702,55.578064
11703,65.21091
11704,68.08257
11705,77.294716
11706,78.01919
11707,74.73478
11708,45.23469
11709,65.9738
11710,57.63746
11711,51.966717
11712,57.649082
11713,67.048325
11714,55.12553
11715,42.800934
11716,75.84946
11717,52.793972
11718,54.089127
11719,44.778053
11720,73.81839
11721,72.81636
11722,47.54064
11723,62.485
11724,53.899326
11725,76.70487
11726,53.449337
11727,68.87274
11728,60.45267
11729,57.826626
11730,55.25111
11731,68.3184
11732,49.471924
11733,69.48731
11734,58.321766
11735,71.38091
11736,66.94463
11737,40.178238
11738,65.01174
11739,65.088554
11740,66.82374
11741,65.1595
11742,63.4147
11743,52.285076
11744,65.29398
11745,76.96489
11746,66.944214
11747,79.40492
11748,46.618767
11749,75.44826
11750,71.429504
11751,62.260746
11752,63.211357
11753,71.53964
11754,55.67068
11755,72.39181
11756,51.780636
11757,63.805298
11758,70.49869
11759,51.76962
11760,79.272285
11761,87.44823
11762,69.90025
11763,69.77183
11764,76.850494
11765,66.97287
11766,68.42265
11767,56.94702
11768,64.7037
11769,78.349945
11770,70.37891
11771,55.850056
11772,90.175674
11773,72.51682
11774,72.13228
11775,77.82069
11776,74.35554
11777,69.46022
11778,52.981453
11779,63.55295
11780,83.370094
11781,68.52307
11782,65.168915
11783,75.339615
11784,64.37177
11785,83.37371
11786,69.904816
11787,92.371025
11788,70.05413
11789,54.108025
11790,68.67008
11791,71.385345
11792,52.496124
11793,69.75336
11794,63.329777
11795,77.09705
11796,60.947056
11797,57.21188
11798,49.259895
11799,60.525684
11800,70.503685
11801,73.54527
11802,39.290695
11803,62.65367
11804,68.96647
11805,48.8145
11806,53.65962
11807,66.39592
11808,70.588936
11809,51.964092
11810,63.113567
11811,70.19629
11812,50.36987
11813,58.414783
11814,54.379814
11815,42.24732
11816,53.436024
11817,58.487694
11818,85.64682
11819,79.543106
11820,71.51306
11821,64.004715
11822,64.57243
11823,60.8927
11824,61.0891
11825,46.152622
11826,47.485
11827,64.08461
11828,61.96482
11829,56.092644
11830,45.480095
11831,76.317635
11832,88.18452
11833,73.32851
11834,61.265495
11835,59.208145
11836,68.66124
11837,93.7777
11838,74.6716
11839,56.757946
11840,54.035114
11841,65.0783
11842,57.959618
11843,65.82294
11844,82.863434
11845,55.316868
11846,71.89757
11847,51.386
11848,64.57381
11849,52.178905
11850,76.375496
11851,64.03337
11852,57.443146
11853,75.81893
11854,80.35177
11855,69.19338
11856,83.30792
11857,52.07834
11858,47.085808
11859,67.82838
11860,55.517277
11861,48.52321
11862,78.10022
11863,70.01498
11864,46.203106
11865,78.593346
11866,78.243256
11867,69.24686
11868,42.36056
11869,60.09587
11870,79.69531
11871,64.9336
11872,67.55979
11873,59.30284
11874,44.318474
11875,73.09672
11876,81.57429
11877,63.93571
11878,63.01422
11879,60.85172
11880,72.09925
11881,57.32781
11882,73.26511
11883,57.2762
11884,75.5339
11885,58.759792
11886,68.8246
11887,62.98913
11888,65.92226
11889,55.033268
11890,67.51349
11891,61.136414
11892,77.198364
11893,56.710186
11894,42.458275
11895,58.88507
11896,77.45147
11897,65.57962
11898,41.393066
11899,86.41095
11900,64.59395
11901,50.490852
11902,66.3784
11903,54.748756
11904,61.886997
11905,61.723618
11906,51.644623
11907,47.68997
11908,42.835445
11909,60.81333
11910,50.35975
11911,58.53831
11912,61.747227
11913,51.539295
11914,56.38008
11915,83.82817
11916,60.124405
11917,81.08778
11918,51.764458
11919,59.96653
11920,61.71292
11921,46.126102
11922,58.339
11923,67.75339
11924,87.50994
11925,64.556946
11926,32.407604
11927,63.662018
11928,59.891983
11929,62.21312
11930,67.54256
11931,53.518055
11932,62.378994
11933,69.07046
11934,78.90284
11935,42.87734
11936,46.05771
11937,54.301437
11938,76.5796
11939,61.37071
11940,67.87154
11941,81.634285
11942,63.543694
11943,37.41638
11944,44.240307
11945,94.28044
11946,77.05551
11947,58.13907
11948,72.207695
11949,74.568695
11950,65.228355
11951,60.722397
11952,69.78397
11953,58.962635
11954,55.327106
11955,56.166702
11956,57.923992
11957,53.52104
11958,60.245155
11959,71.072495
11960,59.25742
11961,45.94731
11962,78.225655
11963,62.42674
11964,67.50218
11965,52.38037
11966,52.01164
11967,48.622505
11968,50.64802
11969,62.73058
11970,59.364956
11971,49.497234
11972,82.99098
11973,72.04995
11974,67.9319
11975,68.56595
11976,64.98463
11977,50.184864
11978,42.786823
11979,61.384106
11980,78.51076
11981,49.065453
11982,59.505146
11983,56.916664
11984,59.624363
11985,79.528046
11986,49.911892
11987,55.380627
11988,73.15998
11989,55.877438
11990,57.450256
11991,58.894035
11992,86.35796
11993,71.46173
11994,64.747375
11995,76.56951
11996,75.1925
11997,44.857418
11998,60.908573
11999,60.004818
12000,85.27417
12001,55.701435
12002,87.13989
12003,88.79596
12004,47.818596
12005,66.07855
12006,84.77826
12007,39.461357
12008,45.478664
12009,52.889435
12010,64.282814
12011,79.19277
12012,45.043182
12013,59.575497
12014,74.35106
12015,68.02137
12016,78.48495
12017,88.35481
12018,53.51328
12019,77.73771
12020,38.563305
12021,68.72687
12022,64.923485
12023,65.40186
12024,61.018375
12025,62.96423
12026,83.179276
12027,42.739143
12028,65.718864
12029,71.562416
12030,61.031982
12031,60.495487
12032,75.742775
12033,69.44063
12034,69.92496
12035,43.512035
12036,73.62849
12037,50.725857
12038,63.251595
12039,60.518894
12040,59.59845
12041,50.94827
12042,62.165043
12043,82.5738
12044,68.1089
12045,56.090202
12046,62.61656
12047,54.870598
12048,65.97649
12049,73.04651
12050,66.73003
12051,69.22217
12052,57.452675
12053,64.716095
12054,51.666935
12055,61.45117
12056,54.2931
12057,50.790993
12058,68.32114
12059,68.3512
12060,65.66655
12061,72.04969
12062,69.15116
12063,80.79011
12064,64.628914
12065,58.153313
12066,72.90554
12067,61.58123
12068,59.708363
12069,82.21397
12070,43.089924
12071,88.695366
12072,87.93551
12073,58.713825
12074,80.01681
12075,77.02111
12076,68.056496
12077,82.68693
12078,49.24901
12079,76.46418
12080,76.38036
12081,47.14166
12082,69.58681
12083,74.291016
12084,53.560387
12085,43.97368
12086,61.41941
12087,65.00099
12088,47.737877
12089,64.90193
12090,70.05557
12091,48.880253
12092,82.0608
12093,49.04105
12094,70.61765
12095,67.535
12096,61.63535
12097,30.861612
12098,73.19913
12099,70.55116
12100,70.65191
12101,61.120632
12102,56.195454
12103,43.56774
12104,54.269352
12105,45.301804
12106,79.099266
12107,56.743397
12108,64.07964
12109,47.40047
12110,45.81476
12111,75.44867
12112,80.689606
12113,59.943775
12114,56.22563
12115,66.31128
12116,59.920097
12117,56.387375
12118,70.373825
12119,90.30063
12120,65.24433
12121,56.899605
12122,85.676216
12123,54.865486
12124,67.14404
12125,58.119785
12126,63.20962
12127,55.945065
12128,68.132484
12129,58.839527
12130,60.920437
12131,66.97547
12132,54.839478
12133,69.96814
12134,51.85002
12135,53.575397
12136,82.67164
12137,74.87495
12138,73.089554
12139,65.26293
12140,74.97511
12141,60.91911
12142,64.99474
12143,62.72625
12144,43.27996
12145,78.06363
12146,68.93903
12147,55.023457
12148,65.52277
12149,67.77851
12150,62.43537
12151,68.856064
12152,53.31934
12153,82.188965
12154,76.607735
12155,51.485744
12156,61.56306
12157,51.575443
12158,61.772434
12159,80.39885
12160,53.038258
12161,60.299713
12162,68.93455
12163,41.52138
12164,71.66909
12165,67.89414
12166,78.270996
12167,56.75201
12168,73.01592
12169,51.28204
12170,61.928432
12171,67.96665
12172,61.578526
12173,56.44217
12174,78.09141
12175,71.03978
12176,55.496872
12177,66.806046
12178,57.326447
12179,68.23797
12180,55.64176
12181,56.789207
12182,66.04662
12183,70.86135
12184,54.057636
12185,59.699184
12186,55.35484
12187,46.009296
12188,70.99528
12189,81.771484
12190,76.15227
12191,56.16526
12192,41.780964
12193,89.60287
12194,72.532845
12195,76.82117
12196,56.381878
12197,57.250286
12198,65.86118
12199,60.273407
12200,47.577465
12201,44.850056
12202,69.311165
12203,72.27019
12204,83.11025
12205,67.270096
12206,61.758873
12207,57.40992
12208,55.704647
12209,51.067047
12210,70.86858
12211,84.655495
12212,79.02087
12213,98.838684
12214,67.256645
12215,54.579857
12216,56.098827
12217,64.045616
12218,68.83249
12219,53.098278
12220,73.86404
12221,64.75998
12222,69.3928
12223,69.534195
12224,53.31292
12225,58.985786
12226,59.796432
12227,79.2873
12228,59.205154
12229,74.52483
12230,75.34232
12231,80.385895
12232,76.93512
12233,66.57278
12234,50.632904
12235,44.366333
12236,66.670074
12237,65.37324
12238,82.47095
12239,74.491066
12240,61.386795
12241,66.37984
12242,45.802456
12243,77.82787
12244,42.217537
12245,73.10569
12246,65.665146
12247,58.348843
12248,56.76311
12249,66.46842
12250,59.831192
12251,86.23093
12252,45.338585
12253,59.367603
12254,64.957596
12255,65.04709
12256,62.470768
12257,70.03957
12258,45.5738
12259,74.88181
12260,61.737812
12261,55.449398
12262,72.60428
12263,65.94887
12264,77.18319
12265,72.45538
12266,62.404766
12267,59.299988
12268,65.34784
12269,72.9533
12270,54.556896
12271,57.365547
12272,56.250313
12273,49.611404
12274,84.67216
12275,52.757797
12276,53.05835
12277,46.87091
12278,75.32817
12279,63.312756
12280,48.999096
12281,74.66727
12282,50.957237
12283,66.93799
12284,39.484917
12285,62.05809
12286,47.960434
12287,76.752525
12288,73.19606
12289,63.253998
12290,69.21314
12291,78.31385
12292,56.162304
12293,74.91477
12294,82.91221
12295,74.524414
12296,64.48362
12297,67.54404
12298,63.661198
12299,48.840446
12300,67.66694
12301,81.52826
12302,86.22923
12303,71.01552
12304,59.96245
12305,65.00375
12306,72.61039
12307,69.83192
12308,49.623688
12309,61.809883
12310,70.91955
12311,67.73513
12312,71.3226
12313,59.953697
12314,59.543858
12315,61.25143
12316,52.602997
12317,49.503834
12318,77.252396
12319,92.743706
12320,62.888355
12321,78.59669
12322,62.9915
12323,82.28628
12324,47.09611
12325,57.273193
12326,63.682343
12327,62.38736
12328,86.78256
12329,63.4743
12330,62.873936
12331,83.28528
12332,72.64048
12333,73.61177
12334,60.534058
12335,85.270935
12336,70.236626
12337,57.503708
12338,72.27461
12339,80.12975
12340,75.234314
12341,60.596397
12342,69.13081
12343,69.32545
12344,57.178585
12345,55.225254
12346,60.456566
12347,53.622227
12348,74.575226
12349,58.446873
12350,63.879456
12351,46.84997
12352,48.209698
12353,59.423004
12354,68.86877
12355,69.32828
12356,63.98842
12357,60.993725
12358,79.31403
12359,56.619637
12360,69.91587
12361,70.57016
12362,54.842064
12363,46.948273
12364,81.79725
12365,58.48291
12366,58.547886
12367,81.11043
12368,70.203186
12369,46.666668
12370,78.01365
12371,57.21602
12372,74.47284
12373,68.38015
12374,54.467434
12375,80.541435
12376,52.917683
12377,59.51336
12378,49.714634
12379,55.888058
12380,72.54408
12381,60.87105
12382,63.39023
12383,58.068176
12384,59.1214
12385,67.061905
12386,88.95366
12387,50.579693
12388,73.10559
12389,77.55142
12390,75.48924
12391,55.397705
12392,65.88573
12393,65.327415
12394,82.13389
12395,74.633705
12396,65.40537
12397,68.04142
12398,67.790504
12399,56.97195
12400,76.673
12401,66.52328
12402,57.003487
12403,58.610546
12404,40.97032
12405,69.01988
12406,54.756546
12407,49.47231
12408,61.79027
12409,77.412315
12410,70.39967
12411,65.53862
12412,73.70735
12413,57.393784
12414,48.46048
12415,64.90008
12416,63.677498
12417,69.44246
12418,73.38559
12419,53.977478
12420,56.03404
12421,55.451965
12422,42.438873
12423,50.659348
12424,69.92504
12425,71.347275
12426,84.84898
12427,82.78739
12428,41.453938
12429,58.775272
12430,79.962425
12431,61.91224
12432,61.646572
12433,67.7592
12434,62.178047
12435,70.06943
12436,75.4863
12437,54.29174
12438,82.84565
12439,72.85997
12440,65.29538
12441,62.613766
12442,73.32789
12443,79.49236
12444,61.15522
12445,76.58194
12446,60.738255
12447,48.195934
12448,64.97619
12449,63.95696
12450,39.789585
12451,65.13892
12452,60.22065
12453,72.20498
12454,70.9646
12455,72.162506
12456,66.673546
12457,59.332363
12458,65.20759
12459,67.82241
12460,55.170193
12461,74.86213
12462,55.71575
12463,82.937454
12464,63.7644
12465,64.723946
12466,76.52777
12467,65.24029
12468,80.93714
12469,64.544395
12470,64.16352
12471,58.02317
12472,70.68043
12473,53.39854
12474,74.63508
12475,71.3091
12476,61.973106
12477,57.16678
12478,71.45484
12479,68.834114
12480,85.68591
12481,55.838585
12482,61.193695
12483,57.861984
12484,72.354034
12485,60.869286
12486,61.696606
12487,59.652157
12488,71.48484
12489,74.7981
12490,73.88871
12491,54.77292
12492,49.002056
12493,49.643234
12494,47.168804
12495,87.085335
12496,53.55909
12497,66.598724
12498,57.169434
12499,78.35273
12500,69.5221
12501,73.2298
12502,51.77515
12503,83.73134
12504,81.68564
12505,44.845726
12506,53.078735
12507,72.18525
12508,47.737152
12509,66.47603
12510,51.947346
12511,55.33981
12512,75.16621
12513,66.91396
12514,70.21578
12515,91.95194
12516,64.4925
12517,75.4282
12518,80.40392
12519,62.725536
12520,77.75056
12521,65.61582
12522,52.365704
12523,64.10516
12524,74.13487
12525,72.552986
12526,62.768967
12527,59.421856
12528,54.142303
12529,61.680862
12530,55.48741
12531,64.18783
12532,49.070206
12533,77.59501
12534,64.92361
12535,68.783195
12536,74.876816
12537,74.93666
12538,68.390594
12539,75.804886
12540,63.34884
12541,74.35717
12542,65.65701
12543,64.40698
12544,58.504505
12545,67.766014
12546,68.58923
12547,70.54399
12548,38.713898
12549,54.64364
12550,48.495483
12551,60.185215
12552,54.260868
12553,63.430058
12554,62.678513
12555,78.232735
12556,71.14761
12557,57.417362
12558,61.701057
12559,60.33832
12560,64.805786
12561,43.475246
12562,67.48213
12563,93.08289
12564,55.882103
12565,75.60269
12566,64.1247
12567,47.803448
12568,60.313778
12569,65.628944
12570,52.728367
12571,64.63616
12572,65.34013
12573,72.44191
12574,58.561382
12575,58.97891
12576,64.11136
12577,66.436295
12578,77.021866
12579,71.02393
12580,76.06773
12581,68.26749
12582,72.84068
12583,87.03773
12584,77.30231
12585,44.96162
12586,63.11115
12587,66.67564
12588,64.69625
12589,74.12891
12590,53.758316
12591,42.618782
12592,66.160576
12593,70.61751
12594,43.28067
12595,60.444214
12596,69.92438
12597,60.79213
12598,47.796486
12599,64.66668
12600,75.95203
12601,72.79752
12602,75.87849
12603,57.146435
12604,52.683975
12605,74.58083
12606,80.32412
12607,85.93841
12608,69.309105
12609,63.95552
12610,73.66286
12611,73.73272
12612,70.3419
12613,76.39627
12614,72.99297
12615,62.339027
12616,46.997562
12617,64.10802
12618,52.7136
12619,59.16022
12620,48.400753
12621,58.924854
12622,54.633644
12623,74.295425
12624,60.6196
12625,71.617935
12626,49.07576
12627,57.154373
12628,100.206474
12629,68.3448
12630,67.99959
12631,76.011086
12632,71.687904
12633,69.89337
12634,74.59821
12635,70.806564
12636,65.086464
12637,39.28957
12638,91.34182
12639,68.43238
12640,38.53662
12641,69.50344
12642,63.52782
12643,63.767227
12644,47.448425
12645,66.78247
12646,66.70748
12647,61.0766
12648,43.954575
12649,55.696434
12650,89.987686
12651,44.53639
12652,58.148182
12653,95.035385
12654,74.59323
12655,76.248764
12656,64.55801
12657,64.58615
12658,38.479565
12659,63.55512
12660,51.616028
12661,72.14439
12662,62.42597
12663,75.22479
12664,50.035164
12665,70.59202
12666,58.250427
12667,60.4733
12668,57.30872
12669,92.41294
12670,67.001465
12671,41.614075
12672,47.792515
12673,55.439735
12674,71.503555
12675,61.08318
12676,58.552456
12677,57.97634
12678,71.920044
12679,47.960533
12680,59.34613
12681,52.653557
12682,53.852818
12683,38.712482
12684,60.139072
12685,57.456047
12686,74.50334
12687,74.584595
12688,79.190125
12689,91.123764
12690,84.87331
12691,71.809875
12692,74.305115
12693,77.76841
12694,59.845947
12695,59.66159
12696,35.137566
12697,46.920635
12698,58.35865
12699,62.22865
12700,63.00949
12701,61.201195
12702,43.450817
12703,33.416096
12704,45.53442
12705,65.53214
12706,65.92981
12707,76.97328
12708,51.89306
12709,47.869957
12710,79.13161
12711,68.80951
12712,57.682457
12713,82.38362
12714,76.125114
12715,56.961086
12716,53.547466
12717,50.452976
12718,44.109936
12719,58.01139
12720,48.60047
12721,52.459652
12722,63.55863
12723,53.61992
12724,90.41059
12725,62.423138
12726,67.60977
12727,80.876884
12728,70.20825
12729,64.2577
12730,78.06454
12731,71.39204
12732,54.921127
12733,51.92309
12734,49.74441
12735,73.793846
12736,60.405647
12737,63.123295
12738,69.05392
12739,56.84325
12740,71.75429
12741,60.298115
12742,49.586105
12743,80.44439
12744,54.84584
12745,79.27625
12746,54.480373
12747,82.163506
12748,50.436108
12749,64.50499
12750,73.52348
12751,58.621826
12752,61.574577
12753,71.95548
12754,61.066147
12755,53.670193
12756,69.28996
12757,80.86694
12758,70.15355
12759,61.914986
12760,63.916073
12761,68.70528
12762,64.98156
12763,56.45694
12764,81.76381
12765,74.21431
12766,66.02154
12767,89.20899
12768,84.01127
12769,63.383404
12770,53.51724
12771,97.11001
12772,48.08884
12773,44.90419
12774,102.63624
12775,56.529243
12776,79.70577
12777,66.08952
12778,68.21741
12779,68.15898
12780,66.181946
12781,55.142754
12782,88.34828
12783,51.277313
12784,51.59774
12785,73.08746
12786,81.13058
12787,56.13396
12788,62.286415
12789,59.393524
12790,43.121376
12791,75.407326
12792,68.00928
12793,58.64635
12794,62.75908
12795,69.23192
12796,51.72913
12797,44.709866
12798,69.051216
12799,44.612793
12800,68.335434
12801,66.62143
12802,74.30523
12803,74.318016
12804,77.372955
12805,78.96666
12806,71.779396
12807,77.9254
12808,76.95619
12809,66.5457
12810,76.026
12811,73.13399
12812,70.63693
12813,66.27056
12814,42.374905
12815,61.418903
12816,70.528175
12817,69.21705
12818,50.4425
12819,51.954823
12820,78.78685
12821,78.10774
12822,51.311535
12823,39.57412
12824,59.20004
12825,54.28823
12826,65.27652
12827,63.708294
12828,58.585262
12829,65.887215
12830,58.787754
12831,61.43666
12832,78.71661
12833,65.985146
12834,51.158627
12835,58.121487
12836,50.827316
12837,56.90076
12838,70.979836
12839,51.728294
12840,57.114624
12841,45.537292
12842,75.684654
12843,51.061028
12844,72.00272
12845,55.19847
12846,56.2968
12847,63.204895
12848,73.94529
12849,73.363655
12850,50.14895
12851,53.156307
12852,54.58606
12853,51.2954
12854,70.43119
12855,50.318966
12856,45.098137
12857,54.48813
12858,58.218155
12859,50.509193
12860,78.06686
12861,39.54407
12862,55.24474
12863,72.71321
12864,93.4422
12865,85.26647
12866,89.474815
12867,53.069202
12868,74.530136
12869,57.974327
12870,86.58651
12871,73.73922
12872,76.83198
12873,79.327965
12874,58.3272
12875,59.29944
12876,52.91364
12877,65.57237
12878,50.594376
12879,60.281178
12880,48.685455
12881,52.374466
12882,74.15926
12883,76.742165
12884,90.20572
12885,51.584126
12886,63.637566
12887,64.84023
12888,59.961903
12889,76.66014
12890,77.15349
12891,80.88771
12892,54.602356
12893,57.431286
12894,50.524162
12895,58.09884
12896,68.94266
12897,83.94877
12898,54.034737
12899,62.51194
12900,59.84125
12901,43.84382
12902,59.223366
12903,52.12326
12904,57.904713
12905,58.62749
12906,56.796803
12907,51.727707
12908,60.902462
12909,52.218914
12910,82.05105
12911,72.893326
12912,68.60478
12913,70.167656
12914,59.66266
12915,50.483456
12916,35.414772
12917,63.509354
12918,59.258186
12919,79.74955
12920,77.3479
12921,68.67896
12922,75.349785
12923,68.52635
12924,63.239414
12925,68.79464
12926,68.54747
12927,71.309875
12928,70.56989
12929,71.8436
12930,59.957752
12931,66.04341
12932,83.69244
12933,91.2499
12934,84.447716
12935,63.424065
12936,56.836468
12937,53.15281
12938,63.398388
12939,59.04707
12940,65.67574
12941,64.51736
12942,57.55108
12943,66.35637
12944,57.595287
12945,54.373013
12946,57.16389
12947,71.673096
12948,60.85256
12949,77.40116
12950,75.45553
12951,57.424545
12952,82.7203
12953,58.42567
12954,52.976105
12955,45.789845
12956,53.75107
12957,53.432327
12958,70.2811
12959,66.25651
12960,67.92855
12961,65.83105
12962,66.39234
12963,82.32164
12964,77.86953
12965,73.23198
12966,65.23763
12967,70.972305
12968,84.086716
12969,72.70535
12970,65.74363
12971,57.66669
12972,60.987103
12973,74.26781
12974,54.899445
12975,40.682873
12976,55.214195
12977,80.21308
12978,47.261776
12979,65.66631
12980,66.19007
12981,68.54984
12982,76.49436
12983,53.772034
12984,63.192932
12985,56.824326
12986,46.890865
12987,65.23906
12988,65.32349
12989,73.70754
12990,79.56656
12991,78.523705
12992,50.679943
12993,79.129944
12994,68.0251
12995,62.09959
12996,76.176
12997,53.28138
12998,71.45298
12999,58.40289
13000,58.30547
13001,74.70412
13002,63.20911
13003,64.32398
13004,50.873013
13005,76.59575
13006,57.709064
13007,69.64898
13008,52.141266
13009,61.792725
13010,65.76161
13011,67.210464
13012,58.668182
13013,93.819405
13014,44.180622
13015,81.681175
13016,50.109573
13017,79.59551
13018,66.595024
13019,85.544365
13020,70.49702
13021,69.23476
13022,76.58768
13023,48.472458
13024,65.51228
13025,49.025654
13026,54.69325
13027,65.2475
13028,72.10233
13029,71.36397
13030,48.205692
13031,54.499443
13032,81.93357
13033,60.385857
13034,52.079597
13035,67.71864
13036,66.05836
13037,70.00241
13038,49.603565
13039,62.655563
13040,65.49978
13041,61.30762
13042,81.17539
13043,56.489666
13044,52.57582
13045,63.134716
13046,72.84938
13047,49.96104
13048,65.71564
13049,67.28719
13050,77.23586
13051,65.58972
13052,55.885635
13053,44.238255
13054,79.727615
13055,43.362415
13056,65.03796
13057,72.222694
13058,79.4079
13059,64.63102
13060,77.13038
13061,58.303497
13062,76.31389
13063,41.973507
13064,77.42276
13065,67.97134
13066,74.76198
13067,60.26912
13068,59.45891
13069,53.135517
13070,60.2334
13071,61.54713
13072,89.28745
13073,57.466682
13074,49.700077
13075,62.798077
13076,39.451553
13077,64.81956
13078,88.85798
13079,59.05144
13080,67.54423
13081,56.261597
13082,68.24682
13083,73.94891
13084,45.400043
13085,78.87316
13086,63.55046
13087,57.45742
13088,59.204105
13089,75.64334
13090,95.83199
13091,68.60549
13092,61.064377
13093,48.342407
13094,67.13787
13095,67.683784
13096,59.584297
13097,59.07184
13098,57.03451
13099,45.398426
13100,60.559006
13101,65.367905
13102,72.80635
13103,58.863804
13104,50.64912
13105,50.501305
13106,71.20716
13107,48.22311
13108,60.92258
13109,79.36698
13110,51.087894
13111,58.3181
13112,54.836594
13113,57.568733
13114,80.41787
13115,59.84228
13116,61.030823
13117,69.30599
13118,95.37897
13119,50.106384
13120,66.43905
13121,80.50337
13122,53.318604
13123,54.60152
13124,81.399704
13125,72.408325
13126,54.21311
13127,47.646076
13128,59.91188
13129,69.05339
13130,70.57041
13131,39.452217
13132,71.54429
13133,31.239847
13134,65.67235
13135,73.918015
13136,53.3929
13137,65.87818
13138,69.0895
13139,85.13752
13140,82.2158
13141,52.41966
13142,83.21323
13143,77.91945
13144,53.016342
13145,78.24602
13146,56.514362
13147,53.867558
13148,75.06358
13149,66.74363
13150,68.487785
13151,70.404655
13152,57.277565
13153,75.97024
13154,74.514656
13155,63.846474
13156,76.09433
13157,72.74674
13158,70.91598
13159,63.88914
13160,74.99882
13161,61.166862
13162,79.01827
13163,70.96861
13164,65.47215
13165,79.152115
13166,66.5229
13167,67.50138
13168,62.17472
13169,71.50151
13170,56.34521
13171,54.243305
13172,66.722725
13173,60.512466
13174,49.4483
13175,49.824562
13176,62.246044
13177,64.79544
13178,69.18692
13179,62.689293
13180,63.72633
13181,60.610435
13182,51.91164
13183,56.30891
13184,52.694515
13185,47.627098
13186,88.4461
13187,67.25012
13188,74.17777
13189,53.66852
13190,59.09109
13191,69.41864
13192,79.22048
13193,70.025085
13194,72.312386
13195,56.88037
13196,59.331238
13197,41.264824
13198,46.783325
13199,51.88955
13200,68.90806
13201,54.834282
13202,62.80584
13203,79.35087
13204,82.68501
13205,49.54486
13206,79.425865
13207,63.758266
13208,76.65508
13209,72.552986
13210,74.55462
13211,65.61869
13212,71.12118
13213,76.83331
13214,71.344025
13215,55.3112
13216,49.551434
13217,73.590614
13218,58.869442
13219,62.42587
13220,61.273563
13221,50.415985
13222,68.751854
13223,70.78377
13224,58.758007
13225,63.385864
13226,68.96364
13227,46.35437
13228,59.55878
13229,60.184483
13230,69.06077
13231,47.758537
13232,66.85904
13233,57.356556
13234,67.69769
13235,66.35586
13236,72.34273
13237,45.071865
13238,67.25255
13239,47.628464
13240,78.49709
13241,90.5725
13242,72.57062
13243,77.50166
13244,74.67112
13245,82.99326
13246,49.651943
13247,60.013145
13248,63.74834
13249,38.871307
13250,78.7952
13251,67.874626
13252,65.557594
13253,61.145126
13254,58.820976
13255,65.34963
13256,63.29831
13257,63.123077
13258,63.014004
13259,57.00676
13260,63.07105
13261,58.13225
13262,61.627796
13263,94.786644
13264,45.694942
13265,75.01286
13266,75.99015
13267,56.054314
13268,71.011314
13269,55.158493
13270,81.29026
13271,67.00013
13272,57.434704
13273,40.477745
13274,56.84844
13275,50.686474
13276,63.427925
13277,53.890327
13278,78.135155
13279,79.343544
13280,59.299896
13281,58.32996
13282,67.12902
13283,66.28296
13284,69.84781
13285,72.48556
13286,81.19917
13287,44.8962
13288,69.53419
13289,50.908863
13290,71.89428
13291,58.5912
13292,74.735886
13293,51.892986
13294,84.464386
13295,59.32645
13296,71.32557
13297,67.90408
13298,60.284306
13299,74.370575
13300,76.67833
13301,76.85386
13302,36.105186
13303,75.845726
13304,80.30843
13305,52.267567
13306,58.92523
13307,67.397545
13308,73.24432
13309,64.03993
13310,57.153473
13311,73.07608
13312,45.524017
13313,66.880424
13314,58.718647
13315,69.506096
13316,53.19389
13317,49.181057
13318,48.590656
13319,65.88809
13320,40.79861
13321,62.860218
13322,58.352097
13323,52.162666
13324,83.922005
13325,39.078266
13326,58.086304
13327,71.46735
13328,62.748222
13329,55.660206
13330,53.481453
13331,97.45905
13332,96.8348
13333,44.153507
13334,53.879677
13335,74.636665
13336,87.64953
13337,57.63868
13338,97.18261
13339,57.72503
13340,56.324543
13341,64.82363
13342,64.48822
13343,54.280334
13344,57.2447
13345,82.2757
13346,56.989395
13347,78.0312
13348,58.726387
13349,62.59477
13350,69.41771
13351,61.968002
13352,65.35357
13353,69.44952
13354,90.03235
13355,49.98447
13356,85.85312
13357,68.87683
13358,64.88015
13359,55.954712
13360,55.031185
13361,52.348644
13362,66.0307
13363,71.02452
13364,69.281586
13365,55.912876
13366,50.934765
13367,47.57316
13368,49.784187
13369,96.76481
13370,58.62728
13371,64.89529
13372,52.118706
13373,61.72186
13374,84.4142
13375,71.62927
13376,64.28066
13377,71.66067
13378,84.0279
13379,64.8149
13380,86.618
13381,56.435493
13382,58.68295
13383,55.18944
13384,49.228333
13385,65.290955
13386,64.69353
13387,40.432503
13388,62.648468
13389,59.168327
13390,73.84561
13391,54.19945
13392,64.17196
13393,66.38881
13394,67.85287
13395,49.45338
13396,62.416073
13397,68.01753
13398,52.146095
13399,67.77693
13400,61.691853
13401,62.742897
13402,69.84108
13403,77.33068
13404,60.505142
13405,63.51017
13406,67.80287
13407,59.52108
13408,88.54368
13409,65.38909
13410,77.01832
13411,69.357086
13412,79.904396
13413,75.64669
13414,52.95946
13415,44.167362
13416,66.81021
13417,95.13523
13418,65.13361
13419,71.036606
13420,87.09385
13421,61.51799
13422,66.72162
13423,55.62684
13424,57.784996
13425,71.49172
13426,58.19879
13427,57.51811
13428,68.45749
13429,82.868904
13430,66.23182
13431,65.48021
13432,57.918133
13433,45.58523
13434,56.62871
13435,84.774895
13436,53.754646
13437,53.70596
13438,66.339966
13439,66.42155
13440,68.8039
13441,48.884502
13442,62.92844
13443,71.28671
13444,91.276245
13445,65.440544
13446,62.964054
13447,73.57851
13448,80.26768
13449,69.77691
13450,44.90875
13451,44.280388
13452,73.19268
13453,55.932003
13454,69.63564
13455,70.525154
13456,50.91713
13457,66.09551
13458,70.90348
13459,68.2797
13460,57.396404
13461,79.30653
13462,48.14276
13463,48.579147
13464,77.31193
13465,62.293976
13466,52.815575
13467,80.76423
13468,59.14212
13469,57.24125
13470,90.8103
13471,75.497406
13472,51.89966
13473,59.94422
13474,60.936844
13475,60.98345
13476,72.2742
13477,62.132114
13478,64.00089
13479,56.1547
13480,70.1719
13481,57.383987
13482,73.264534
13483,66.54912
13484,71.54377
13485,91.23135
13486,78.409035
13487,74.35862
13488,52.44656
13489,55.99113
13490,67.4167
13491,59.534416
13492,91.33527
13493,52.14072
13494,82.21947
13495,68.64559
13496,50.624172
13497,88.42144
13498,52.531082
13499,79.07576
13500,50.982094
13501,69.68536
13502,86.70112
13503,76.20969
13504,68.77251
13505,55.856842
13506,60.497566
13507,67.61669
13508,48.538746
13509,60.530624
13510,71.81812
13511,53.646633
13512,53.707035
13513,62.761353
13514,53.405365
13515,74.34862
13516,78.31164
13517,74.74375
13518,52.276745
13519,68.304276
13520,70.59094
13521,96.22923
13522,89.747345
13523,77.90214
13524,53.438423
13525,64.08691
13526,51.98566
13527,66.03788
13528,68.70554
13529,61.97939
13530,85.17567
13531,63.865803
13532,58.300373
13533,61.78289
13534,69.702156
13535,58.90901
13536,62.68982
13537,58.887547
13538,63.296207
13539,50.933147
13540,77.3317
13541,59.315884
13542,49.584946
13543,67.24156
13544,78.57809
13545,82.37674
13546,59.05916
13547,42.221954
13548,71.9742
13549,75.79087
13550,62.22105
13551,77.29924
13552,64.62385
13553,48.593784
13554,56.71843
13555,52.19526
13556,84.84757
13557,48.986492
13558,61.180603
13559,71.94634
13560,55.210808
13561,102.36916
13562,67.56612
13563,65.874794
13564,54.902718
13565,74.81169
13566,64.536964
13567,80.41086
13568,59.5812
13569,54.747536
13570,53.373524
13571,64.32549
13572,81.632355
13573,77.47344
13574,68.743225
13575,61.61888
13576,76.47483
13577,64.40332
13578,71.246864
13579,79.693825
13580,56.626682
13581,57.931854
13582,77.89747
13583,46.825634
13584,51.21393
13585,64.472855
13586,57.616386
13587,53.164684
13588,60.17563
13589,71.255066
13590,66.49662
13591,43.0572
13592,61.082104
13593,76.233185
13594,40.84595
13595,79.92897
13596,57.871975
13597,66.78135
13598,66.740105
13599,64.680595
13600,75.41395
13601,58.43307
13602,74.26376
13603,64.89203
13604,71.352516
13605,67.28435
13606,56.863747
13607,62.84659
13608,63.007336
13609,60.487545
13610,64.01327
13611,53.973637
13612,88.75846
13613,76.21221
13614,61.33487
13615,64.50103
13616,59.59161
13617,57.336056
13618,54.49515
13619,43.388683
13620,58.469982
13621,63.504734
13622,92.60335
13623,64.78089
13624,38.9094
13625,79.714355
13626,62.188026
13627,61.210278
13628,72.92083
13629,57.626877
13630,76.40588
13631,63.32357
13632,41.802605
13633,49.351994
13634,49.91521
13635,43.717854
13636,44.190063
13637,54.93819
13638,82.56435
13639,54.704266
13640,73.57885
13641,55.904285
13642,58.871902
13643,60.34169
13644,63.74045
13645,65.48133
13646,55.90533
13647,60.247314
13648,71.89371
13649,76.74696
13650,79.27729
13651,70.49916
13652,72.22027
13653,74.44416
13654,52.12333
13655,62.570065
13656,78.25163
13657,60.922398
13658,65.31566
13659,62.3861
13660,65.80351
13661,66.82439
13662,65.53081
13663,55.956894
13664,89.35684
13665,62.37745
13666,75.71656
13667,84.79791
13668,51.605583
13669,65.34704
13670,76.31662
13671,89.81779
13672,65.20133
13673,68.61893
13674,66.07348
13675,76.48063
13676,63.878613
13677,72.42929
13678,69.40086
13679,63.191734
13680,48.32695
13681,92.660736
13682,60.158283
13683,77.05472
13684,50.765774
13685,68.717064
13686,65.533676
13687,74.184265
13688,75.96979
13689,68.47164
13690,57.23563
13691,60.85979
13692,55.86009
13693,62.468468
13694,79.27446
13695,72.76566
13696,69.49922
13697,77.73583
13698,70.87533
13699,70.88586
13700,64.04573
13701,56.88312
13702,60.902695
13703,46.515617
13704,49.112476
13705,68.26078
13706,86.997894
13707,67.572815
13708,74.36869
13709,68.98011
13710,55.135323
13711,47.34174
13712,63.575478
13713,70.27147
13714,55.46317
13715,78.54233
13716,86.546555
13717,78.77
13718,76.667114
13719,74.12652
13720,47.550877
13721,71.65934
13722,55.514816
13723,67.28668
13724,64.904495
13725,55.655937
13726,56.39609
13727,60.87795
13728,72.95139
13729,70.39018
13730,75.866165
13731,46.038597
13732,41.12644
13733,70.344864
13734,96.829185
13735,72.053986
13736,60.35547
13737,73.0135
13738,47.13079
13739,71.7462
13740,57.583508
13741,40.759747
13742,79.65102
13743,74.573425
13744,86.97996
13745,54.08536
13746,90.00759
13747,61.219994
13748,61.82423
13749,64.84639
13750,61.501465
13751,69.754364
13752,57.062298
13753,54.84645
13754,65.4873
13755,53.52058
13756,52.953735
13757,72.505
13758,58.414993
13759,73.69887
13760,39.09926
13761,59.434917
13762,55.58441
13763,40.941547
13764,73.33779
13765,72.518555
13766,53.791824
13767,50.18739
13768,54.297897
13769,56.848396
13770,54.64781
13771,66.527405
13772,83.06076
13773,43.738773
13774,74.516685
13775,61.39429
13776,53.412388
13777,41.71487
13778,64.92884
13779,46.502808
13780,56.279266
13781,60.591
13782,56.571274
13783,46.448196
13784,63.01176
13785,59.619534
13786,50.75123
13787,52.720993
13788,71.88
13789,44.68223
13790,50.56151
13791,59.238045
13792,58.742245
13793,76.829384
13794,72.47247
13795,82.90608
13796,75.554306
13797,53.690716
13798,46.092064
13799,68.768585
13800,74.38482
13801,78.11558
13802,90.944534
13803,85.22869
13804,70.01788
13805,47.88113
13806,67.319176
13807,68.12321
13808,56.90687
13809,63.55553
13810,66.85239
13811,46.04521
13812,61.03793
13813,73.22493
13814,71.75546
13815,66.031044
13816,36.174217
13817,50.92076
13818,91.02311
13819,62.301594
13820,56.36992
13821,68.592316
13822,59.995438
13823,73.18524
13824,67.39034
13825,91.988205
13826,49.026978
13827,56.29742
13828,56.00955
13829,59.209843
13830,41.9454
13831,55.200348
13832,56.154644
13833,68.193474
13834,67.55183
13835,64.81495
13836,75.4516
13837,79.8446
13838,79.10668
13839,48.925117
13840,67.547745
13841,47.167282
13842,72.79828
13843,79.23589
13844,48.62315
13845,64.92479
13846,72.72495
13847,70.98714
13848,61.838356
13849,51.693825
13850,61.21867
13851,56.26652
13852,88.878365
13853,47.70982
13854,62.16825
13855,69.41611
13856,51.599377
13857,75.48329
13858,45.706997
13859,52.204937
13860,75.03016
13861,53.516163
13862,65.08702
13863,62.737843
13864,79.90737
13865,77.161964
13866,56.592537
13867,63.60544
13868,76.04102
13869,79.85927
13870,61.789948
13871,96.90021
13872,61.160076
13873,90.79305
13874,78.77079
13875,59.566936
13876,62.63206
13877,48.55448
13878,62.73608
13879,47.38837
13880,56.58212
13881,54.096138
13882,72.750305
13883,52.85581
13884,67.34952
13885,70.59192
13886,65.47003
13887,69.00064
13888,83.69138
13889,63.51894
13890,71.690216
13891,84.66689
13892,54.039387
13893,90.265076
13894,62.310257
13895,63.946083
13896,74.8235
13897,57.895306
13898,65.79465
13899,70.91402
13900,82.85705
13901,50.272457
13902,62.91357
13903,49.975124
13904,59.42502
13905,58.22466
13906,47.464806
13907,60.34201
13908,51.535004
13909,77.45541
13910,52.546772
13911,72.03174
13912,61.573517
13913,78.08615
13914,56.157055
13915,79.86861
13916,94.60104
13917,48.7699
13918,70.15302
13919,55.800854
13920,85.73185
13921,74.73815
13922,72.90538
13923,38.668327
13924,73.01633
13925,74.66088
13926,77.77381
13927,50.070282
13928,60.924767
13929,54.147846
13930,94.19912
13931,67.813614
13932,60.142563
13933,44.919624
13934,69.337395
13935,67.58399
13936,54.595577
13937,65.65221
13938,59.477764
13939,55.929726
13940,92.203094
13941,68.774345
13942,82.45549
13943,52.04421
13944,51.833065
13945,70.79102
13946,60.30238
13947,77.98547
13948,69.599335
13949,75.36895
13950,93.870316
13951,65.1543
13952,63.326965
13953,70.8653
13954,62.41225
13955,64.549675
13956,73.32356
13957,67.29241
13958,51.836956
13959,64.38066
13960,86.43128
13961,62.17753
13962,50.153618
13963,45.490032
13964,56.443386
13965,53.02766
13966,86.02064
13967,77.19694
13968,51.902786
13969,76.61928
13970,57.312786
13971,64.443954
13972,45.469067
13973,42.870895
13974,72.88267
13975,79.96681
13976,68.96193
13977,73.94872
13978,62.37419
13979,56.446335
13980,40.882317
13981,70.820694
13982,71.75747
13983,60.48791
13984,81.85101
13985,51.737965
13986,87.7887
13987,58.985226
13988,64.27091
13989,56.67302
13990,57.755936
13991,59.906605
13992,57.83976
13993,61.61975
13994,71.32661
13995,59.706894
13996,50.47174
13997,58.704895
13998,73.135666
13999,53.93692
14000,70.694626
14001,86.85991
14002,90.40538
14003,63.581116
14004,57.229923
14005,44.687813
14006,66.01618
14007,69.54518
14008,71.88351
14009,57.832058
14010,78.65018
14011,79.1188
14012,76.240875
14013,77.122505
14014,74.9404
14015,48.503735
14016,69.97481
14017,57.462246
14018,47.45074
14019,57.61613
14020,64.865295
14021,62.11238
14022,56.316223
14023,43.105495
14024,54.018925
14025,63.408764
14026,84.82731
14027,45.469788
14028,79.6433
14029,56.2917
14030,67.57102
14031,50.393517
14032,82.685814
14033,35.785984
14034,72.14999
14035,75.636925
14036,53.231613
14037,39.991455
14038,46.104427
14039,87.169556
14040,69.298996
14041,60.157314
14042,75.32864
14043,72.181435
14044,53.657597
14045,78.5795
14046,91.29917
14047,69.13239
14048,55.79194
14049,55.073727
14050,59.84205
14051,59.306496
14052,54.445683
14053,57.469948
14054,70.20384
14055,59.606003
14056,70.78618
14057,58.700607
14058,72.76375
14059,67.88523
14060,70.008156
14061,76.061806
14062,77.02601
14063,51.390602
14064,70.24976
14065,55.023422
14066,52.44364
14067,61.56882
14068,73.62571
14069,66.21642
14070,81.882355
14071,72.072914
14072,94.70103
14073,56.26136
14074,71.857216
14075,89.09761
14076,38.106228
14077,63.03149
14078,60.884716
14079,75.29603
14080,76.9679
14081,54.609463
14082,72.106476
14083,53.979908
14084,74.366585
14085,50.524727
14086,60.7881
14087,52.675026
14088,54.370293
14089,64.98747
14090,77.78455
14091,49.45847
14092,81.56566
14093,67.68787
14094,73.55316
14095,49.220753
14096,55.466846
14097,80.04676
14098,52.61354
14099,59.572453
14100,69.33082
14101,40.76978
14102,101.54303
14103,59.468117
14104,65.448555
14105,49.918087
14106,54.292667
14107,58.52666
14108,59.341297
14109,65.60123
14110,43.74325
14111,59.947845
14112,92.26997
14113,56.252926
14114,70.01479
14115,58.3067
14116,71.17274
14117,47.6636
14118,63.589355
14119,71.944176
14120,59.029934
14121,58.9156
14122,51.259113
14123,76.827385
14124,70.781395
14125,81.43579
14126,75.38469
14127,76.85688
14128,72.72063
14129,65.3624
14130,80.592415
14131,82.017395
14132,75.49582
14133,73.069046
14134,67.614174
14135,58.558163
14136,83.011345
14137,73.772934
14138,72.70226
14139,67.97858
14140,50.796406
14141,77.22339
14142,61.653084
14143,60.88003
14144,57.988102
14145,54.62541
14146,62.62287
14147,68.94627
14148,75.068565
14149,80.782936
14150,67.965996
14151,69.89156
14152,57.42007
14153,70.67106
14154,59.98066
14155,52.355095
14156,55.478302
14157,51.090645
14158,50.630966
14159,72.235176
14160,61.854332
14161,54.74322
14162,79.41894
14163,64.18142
14164,86.92056
14165,69.05944
14166,79.12566
14167,72.70705
14168,60.640568
14169,47.1038
14170,70.09157
14171,55.688877
14172,70.96454
14173,54.3384
14174,67.5848
14175,54.024014
14176,73.84637
14177,67.661125
14178,44.607452
14179,62.339317
14180,62.770306
14181,57.348225
14182,63.16191
14183,69.25826
14184,52.044395
14185,71.3979
14186,50.564827
14187,77.46951
14188,50.651104
14189,70.818924
14190,74.51729
14191,52.91092
14192,52.222736
14193,48.61168
14194,44.126846
14195,42.217068
14196,58.38261
14197,65.8255
14198,61.904255
14199,59.92346
14200,102.585175
14201,63.723766
14202,69.253296
14203,82.00057
14204,63.22696
14205,66.18359
14206,69.228195
14207,58.730095
14208,75.04146
14209,64.39908
14210,71.62051
14211,58.79452
14212,47.51412
14213,85.97672
14214,79.215355
14215,56.137302
14216,78.64857
14217,61.189987
14218,41.158993
14219,68.68025
14220,68.11648
14221,44.832813
14222,63.870525
14223,70.74467
14224,67.43606
14225,69.14187
14226,75.92961
14227,62.382698
14228,50.96722
14229,70.987495
14230,56.87662
14231,71.47922
14232,68.57862
14233,68.40875
14234,64.97564
14235,90.55008
14236,81.11095
14237,54.734856
14238,59.073254
14239,73.90589
14240,72.408195
14241,72.89566
14242,78.958015
14243,65.2978
14244,47.075363
14245,54.46115
14246,58.648357
14247,85.45451
14248,53.671837
14249,79.933975
14250,75.0202
14251,82.76909
14252,62.5712
14253,53.247753
14254,58.228214
14255,70.02854
14256,73.5432
14257,59.00889
14258,46.53568
14259,73.30517
14260,37.056835
14261,60.86915
14262,59.268974
14263,48.388725
14264,68.44267
14265,39.45216
14266,82.31764
14267,61.137398
14268,50.09335
14269,50.240437
14270,78.32905
14271,65.480034
14272,76.61364
14273,51.65704
14274,81.08074
14275,74.810074
14276,48.357475
14277,57.035545
14278,76.62972
14279,50.930183
14280,72.99285
14281,39.916386
14282,43.60292
14283,77.825806
14284,67.1354
14285,62.270283
14286,40.328888
14287,47.30513
14288,81.79793
14289,72.658394
14290,91.52827
14291,61.69194
14292,56.83741
14293,86.738205
14294,69.15602
14295,78.37836
14296,44.151295
14297,65.27026
14298,76.34675
14299,62.384987
14300,49.952484
14301,56.054684
14302,67.364815
14303,77.664825
14304,81.73198
14305,74.17718
14306,51.15945
14307,60.9917
14308,40.623085
14309,49.02329
14310,47.592155
14311,51.8425
14312,79.08969
14313,47.16325
14314,49.210854
14315,76.441055
14316,79.19433
14317,72.58134
14318,73.98769
14319,66.51803
14320,56.768074
14321,59.231663
14322,83.56124
14323,67.5464
14324,56.33168
14325,54.407684
14326,48.205772
14327,68.22627
14328,71.855194
14329,71.42352
14330,52.46113
14331,49.40247
14332,50.68761
14333,76.28271
14334,62.634457
14335,99.832886
14336,77.11553
14337,59.885967
14338,60.659836
14339,79.443436
14340,86.52318
14341,77.59316
14342,62.01583
14343,49.089825
14344,51.685738
14345,89.31275
14346,56.507557
14347,78.76072
14348,80.82825
14349,37.603634
14350,83.25605
14351,48.710026
14352,53.964287
14353,70.57941
14354,48.11544
14355,56.704655
14356,52.693844
14357,59.539883
14358,67.81201
14359,46.295464
14360,57.28721
14361,93.45637
14362,49.955666
14363,68.85401
14364,71.39995
14365,53.293205
14366,64.80498
14367,61.388374
14368,53.112396
14369,67.20506
14370,55.870728
14371,68.14549
14372,54.523415
14373,57.643257
14374,59.627907
14375,88.94152
14376,73.049675
14377,48.86627
14378,54.442093
14379,58.924805
14380,76.05138
14381,42.928543
14382,40.82333
14383,69.53782
14384,74.17999
14385,80.45152
14386,77.15399
14387,72.24688
14388,40.090157
14389,43.190956
14390,57.334076
14391,76.18491
14392,58.255085
14393,68.741425
14394,51.038666
14395,52.894634
14396,53.55329
14397,63.706173
14398,44.018364
14399,71.667496
14400,58.439728
14401,67.93063
14402,51.230312
14403,86.3414
14404,66.91408
14405,66.44835
14406,49.554516
14407,50.560978
14408,51.007153
14409,73.244255
14410,66.17328
14411,53.354286
14412,65.37813
14413,54.192078
14414,67.36039
14415,77.431015
14416,88.78608
14417,56.25563
14418,68.551865
14419,75.77984
14420,53.853836
14421,62.50934
14422,83.66156
14423,59.662964
14424,60.804268
14425,63.96008
14426,65.84824
14427,66.98421
14428,77.68828
14429,60.019085
14430,68.71052
14431,49.651142
14432,62.21206
14433,73.6281
14434,61.173935
14435,64.98603
14436,67.48727
14437,63.82776
14438,78.31508
14439,66.29546
14440,58.09696
14441,86.90095
14442,85.10203
14443,73.51206
14444,81.37821
14445,69.47545
14446,69.78894
14447,82.12927
14448,64.884026
14449,60.566647
14450,41.46402
14451,63.980244
14452,80.20874
14453,76.56208
14454,37.15621
14455,83.608505
14456,71.191605
14457,64.45875
14458,48.11194
14459,68.70778
14460,75.15811
14461,57.86976
14462,56.15073
14463,62.497543
14464,77.14112
14465,55.08765
14466,76.81931
14467,46.345875
14468,67.04835
14469,69.631386
14470,67.9895
14471,45.051373
14472,54.440575
14473,64.02912
14474,66.10538
14475,67.188835
14476,64.80889
14477,58.78414
14478,55.550842
14479,64.043686
14480,69.13176
14481,69.05508
14482,55.58618
14483,70.812675
14484,58.998
14485,54.841656
14486,67.486015
14487,79.27599
14488,74.88863
14489,78.233635
14490,54.40127
14491,72.5553
14492,56.182774
14493,67.25714
14494,55.207657
14495,67.11596
14496,82.64537
14497,54.260845
14498,70.2062
14499,50.438915
14500,64.70635
14501,51.417282
14502,69.55619
14503,50.886536
14504,58.925953
14505,64.51735
14506,59.692772
14507,61.60465
14508,57.10227
14509,53.199284
14510,78.693954
14511,56.47325
14512,70.80903
14513,60.004265
14514,63.015396
14515,67.831985
14516,83.648735
14517,55.936573
14518,52.148083
14519,74.038536
14520,62.267143
14521,41.52427
14522,72.46295
14523,48.320766
14524,61.132725
14525,42.29913
14526,52.030766
14527,47.124794
14528,81.36096
14529,69.453865
14530,74.43571
14531,71.0461
14532,74.54969
14533,66.29677
14534,56.00554
14535,64.34712
14536,69.48021
14537,68.86513
14538,57.048824
14539,49.263763
14540,48.94802
14541,66.47435
14542,60.28148
14543,62.73062
14544,59.002033
14545,95.71631
14546,77.9478
14547,75.17915
14548,73.77663
14549,67.39721
14550,64.023735
14551,63.121616
14552,54.1763
14553,75.46501
14554,61.23971
14555,69.24694
14556,64.345146
14557,91.46536
14558,77.84345
14559,61.314896
14560,70.89413
14561,66.25853
14562,80.51854
14563,34.141685
14564,55.280994
14565,60.54675
14566,77.65441
14567,58.67319
14568,76.19949
14569,57.574226
14570,59.954834
14571,66.729126
14572,76.036934
14573,47.088535
14574,69.58787
14575,79.06505
14576,69.60313
14577,46.208736
14578,71.83815
14579,64.05277
14580,41.571552
14581,97.716736
14582,72.22432
14583,51.87365
14584,74.50621
14585,41.508053
14586,63.112972
14587,60.717197
14588,64.3605
14589,73.08635
14590,66.88339
14591,73.571556
14592,57.29152
14593,59.097267
14594,79.94609
14595,65.77908
14596,72.20542
14597,56.35058
14598,66.14674
14599,65.73328
14600,49.820946
14601,58.357056
14602,52.619972
14603,56.07475
14604,61.06181
14605,84.23684
14606,64.641815
14607,44.667507
14608,66.07877
14609,71.04771
14610,54.380253
14611,46.883102
14612,76.38276
14613,59.38064
14614,51.919704
14615,64.72792
14616,48.299187
14617,57.26692
14618,39.84368
14619,92.85611
14620,65.6446
14621,56.67425
14622,66.718994
14623,63.445488
14624,75.750114
14625,44.599052
14626,83.42617
14627,75.60758
14628,66.86479
14629,55.263615
14630,58.978283
14631,73.722565
14632,55.502712
14633,61.27291
14634,60.55472
14635,67.158
14636,35.96873
14637,83.72153
14638,62.804718
14639,74.46731
14640,77.376945
14641,57.551823
14642,75.19533
14643,69.063866
14644,62.718
14645,74.0606
14646,70.90287
14647,65.29642
14648,68.18902
14649,67.78208
14650,48.749084
14651,67.51394
14652,62.382965
14653,56.876587
14654,57.902794
14655,61.88596
14656,60.883873
14657,51.98698
14658,80.24138
14659,66.95393
14660,78.06592
14661,74.28007
14662,68.00118
14663,70.03024
14664,63.600117
14665,43.680542
14666,72.12309
14667,62.4413
14668,61.46665
14669,74.76685
14670,80.155914
14671,80.98024
14672,66.295746
14673,65.956924
14674,47.103233
14675,49.679874
14676,51.750614
14677,77.351974
14678,60.802563
14679,89.040565
14680,59.055782
14681,78.44724
14682,49.590565
14683,92.51748
14684,73.65247
14685,60.992443
14686,74.7879
14687,76.36782
14688,58.553932
14689,72.88387
14690,72.41661
14691,64.06075
14692,52.821785
14693,51.0249
14694,55.253258
14695,69.673836
14696,70.00138
14697,66.36253
14698,55.729145
14699,77.67819
14700,72.51925
14701,54.11507
14702,67.76204
14703,77.4925
14704,70.52484
14705,68.070885
14706,72.37357
14707,72.28683
14708,77.51733
14709,68.84704
14710,61.904583
14711,65.80071
14712,59.153446
14713,41.35002
14714,55.0377
14715,44.788486
14716,58.793903
14717,76.6387
14718,59.64896
14719,64.456116
14720,95.44148
14721,37.444683
14722,74.431366
14723,61.671318
14724,70.50119
14725,52.268238
14726,40.918648
14727,54.17087
14728,51.33955
14729,65.72354
14730,61.466576
14731,55.937244
14732,68.26843
14733,67.67342
14734,46.91591
14735,54.679585
14736,64.675514
14737,70.54406
14738,69.25594
14739,54.766174
14740,60.7448
14741,77.05237
14742,58.202583
14743,62.39363
14744,58.699074
14745,86.48425
14746,64.69609
14747,56.125366
14748,51.72802
14749,57.00053
14750,50.21289
14751,86.27412
14752,70.516556
14753,77.73405
14754,67.174446
14755,69.40972
14756,70.87554
14757,55.7424
14758,50.324062
14759,88.47001
14760,66.86023
14761,77.14734
14762,69.403885
14763,64.86204
14764,72.49929
14765,65.04933
14766,65.28522
14767,54.01528
14768,77.65191
14769,89.528984
14770,89.52059
14771,86.28756
14772,55.671215
14773,59.222816
14774,52.957195
14775,53.27854
14776,64.24116
14777,81.56007
14778,75.57026
14779,72.1132
14780,57.651604
14781,66.119026
14782,58.593204
14783,57.049564
14784,54.31167
14785,46.858757
14786,63.439342
14787,73.34001
14788,78.22268
14789,53.90233
14790,69.67471
14791,53.100136
14792,67.009384
14793,53.058456
14794,63.17112
14795,68.98814
14796,59.98737
14797,62.969837
14798,69.78049
14799,71.15782
14800,80.694466
14801,60.409863
14802,70.813034
14803,58.056084
14804,54.704147
14805,55.625134
14806,68.99821
14807,53.621326
14808,56.599762
14809,62.09031
14810,52.142128
14811,58.9107
14812,64.451
14813,68.609886
14814,63.83259
14815,65.76346
14816,53.188328
14817,84.427925
14818,61.19057
14819,79.58691
14820,70.05364
14821,81.84474
14822,65.14168
14823,65.65873
14824,61.177227
14825,60.05244
14826,66.33263
14827,85.83153
14828,56.180412
14829,67.160614
14830,65.01199
14831,89.49714
14832,51.23154
14833,80.955376
14834,48.155922
14835,65.84005
14836,47.93191
14837,49.04514
14838,47.552746
14839,64.012924
14840,72.96382
14841,84.62622
14842,74.04634
14843,62.724426
14844,55.334393
14845,82.974335
14846,56.770874
14847,58.378616
14848,65.122635
14849,65.42708
14850,65.884094
14851,76.07019
14852,69.51148
14853,74.85405
14854,55.333748
14855,57.669643
14856,70.15135
14857,73.98323
14858,54.94416
14859,91.642075
14860,79.14561
14861,77.00674
14862,66.0408
14863,57.968895
14864,54.3368
14865,78.417145
14866,43.801815
14867,75.77764
14868,71.212616
14869,65.72107
14870,61.764534
14871,54.26858
14872,71.7453
14873,50.343586
14874,65.93861
14875,52.769726
14876,55.09477
14877,50.23466
14878,68.95974
14879,68.87135
14880,68.75775
14881,63.95482
14882,77.64947
14883,69.59103
14884,53.76276
14885,60.160797
14886,66.90822
14887,58.05446
14888,65.88005
14889,97.204735
14890,75.90138
14891,66.800316
14892,43.353844
14893,54.51714
14894,49.255527
14895,79.318726
14896,43.58404
14897,46.681488
14898,92.58946
14899,57.542572
14900,33.531616
14901,72.17969
14902,55.86527
14903,59.4049
14904,74.09334
14905,54.86137
14906,51.54789
14907,64.09918
14908,85.63375
14909,85.08221
14910,79.536125
14911,75.51235
14912,70.74898
14913,71.47727
14914,46.321583
14915,70.749
14916,77.14654
14917,94.19605
14918,64.65074
14919,55.455456
14920,62.30571
14921,66.07645
14922,74.082115
14923,73.01042
14924,70.060165
14925,78.59444
14926,68.31991
14927,52.522354
14928,75.735794
14929,62.64797
14930,57.733868
14931,82.82337
14932,62.09825
14933,88.918785
14934,83.51644
14935,64.20401
14936,52.094616
14937,63.5755
14938,81.94756
14939,49.98616
14940,79.44899
14941,62.591415
14942,52.458904
14943,80.452126
14944,50.812706
14945,70.12189
14946,85.47124
14947,72.15411
14948,75.15202
14949,78.24357
14950,51.75908
14951,83.92737
14952,74.83053
14953,71.238914
14954,62.78924
14955,66.62219
14956,61.234184
14957,49.671528
14958,51.04855
14959,67.313965
14960,51.24799
14961,56.76303
14962,41.252323
14963,58.82275
14964,66.954445
14965,80.7039
14966,72.5557
14967,79.06223
14968,63.87172
14969,65.66454
14970,35.263855
14971,62.562946
14972,69.08558
14973,93.436226
14974,54.80173
14975,52.5297
14976,80.35492
14977,57.38465
14978,59.09597
14979,53.97954
14980,54.19017
14981,58.11953
14982,59.95401
14983,72.4687
14984,52.531788
14985,65.779625
14986,78.90332
14987,55.89625
14988,65.36754
14989,50.177124
14990,53.75079
14991,72.13327
14992,62.397663
14993,73.60623
14994,74.58236
14995,82.008194
14996,66.40998
14997,44.21072
14998,61.126755
14999,60.329617
15000,72.31935
15001,62.314095
15002,53.519733
15003,60.367847
15004,68.95272
15005,50.47387
15006,46.24817
15007,63.31993
15008,59.54557
15009,57.915115
15010,103.48248
15011,82.26283
15012,62.589222
15013,62.499565
15014,48.49923
15015,80.15462
15016,68.45581
15017,68.40983
15018,62.002094
15019,51.157463
15020,57.40421
15021,48.81149
15022,83.00858
15023,62.99288
15024,78.26938
15025,61.84189
15026,58.37704
15027,59.59679
15028,40.260254
15029,70.66507
15030,62.649166
15031,54.964294
15032,93.81896
15033,38.31439
15034,59.808876
15035,75.07868
15036,94.55813
15037,66.30088
15038,52.23771
15039,68.16804
15040,77.86138
15041,72.55236
15042,47.99227
15043,86.56619
15044,79.933044
15045,58.427456
15046,74.3465
15047,63.873165
15048,49.981285
15049,53.594
15050,73.41575
15051,61.078476
15052,60.812504
15053,58.010994
15054,62.678234
15055,72.541046
15056,60.522263
15057,60.629044
15058,53.865993
15059,39.43879
15060,89.01535
15061,68.40253
15062,86.53141
15063,60.47505
15064,82.46198
15065,67.55202
15066,69.28278
15067,78.02674
15068,68.09277
15069,73.23924
15070,61.477093
15071,73.36958
15072,75.59456
15073,78.10202
15074,81.90427
15075,75.3806
15076,40.666813
15077,65.45333
15078,65.912
15079,65.27624
15080,82.10888
15081,61.043556
15082,72.10182
15083,74.93052
15084,58.6876
15085,48.73449
15086,43.665176
15087,58.617382
15088,60.70023
15089,67.624695
15090,47.512882
15091,56.634453
15092,69.03804
15093,69.68353
15094,55.85795
15095,62.275898
15096,63.992558
15097,73.740845
15098,45.283726
15099,55.737225
15100,60.51538
15101,57.644066
15102,67.56596
15103,76.01276
15104,70.72772
15105,92.70075
15106,55.57689
15107,42.398113
15108,62.569725
15109,72.34284
15110,50.18104
15111,56.87865
15112,58.00058
15113,73.97577
15114,41.464657
15115,76.21709
15116,70.99369
15117,77.00993
15118,61.783737
15119,61.362373
15120,61.947144
15121,59.88588
15122,88.70139
15123,66.53423
15124,68.8681
15125,66.71096
15126,50.430233
15127,54.388424
15128,51.91861
15129,73.529366
15130,56.28987
15131,45.43298
15132,55.683754
15133,72.42502
15134,56.200928
15135,66.246635
15136,67.14094
15137,73.588295
15138,81.37605
15139,37.219215
15140,80.72383
15141,66.62078
15142,79.01526
15143,63.9849
15144,67.27874
15145,88.86138
15146,52.060013
15147,72.1611
15148,62.779816
15149,49.180946
15150,38.003487
15151,48.778454
15152,71.09209
15153,57.82193
15154,47.060402
15155,71.39156
15156,93.36811
15157,73.05505
15158,65.816475
15159,52.631077
15160,68.28753
15161,71.897545
15162,59.051147
15163,69.2832
15164,68.39914
15165,49.942245
15166,58.03498
15167,79.783
15168,64.7799
15169,77.744606
15170,63.72535
15171,62.38095
15172,70.64474
15173,56.53605
15174,77.17922
15175,66.28312
15176,43.071568
15177,68.789986
15178,56.73138
15179,41.79094
15180,64.68532
15181,89.44229
15182,62.2176
15183,59.719353
15184,69.68703
15185,70.970436
15186,61.58005
15187,76.203674
15188,56.900455
15189,73.749214
15190,67.62769
15191,70.76448
15192,51.355312
15193,44.36774
15194,74.44428
15195,56.368984
15196,67.94674
15197,78.30248
15198,43.13147
15199,55.772938
15200,54.86718
15201,66.89947
15202,38.564617
15203,83.53794
15204,67.42739
15205,61.518658
15206,85.658676
15207,61.34526
15208,52.003105
15209,45.930897
15210,68.395676
15211,53.913216
15212,59.827328
15213,68.459274
15214,67.10965
15215,67.83502
15216,60.310383
15217,60.40104
15218,66.020874
15219,60.05736
15220,47.733845
15221,74.5294
15222,47.557404
15223,77.10185
15224,69.56632
15225,72.082726
15226,74.46308
15227,55.74372
15228,61.10019
15229,70.330185
15230,37.768845
15231,54.93338
15232,48.037746
15233,71.28067
15234,61.94533
15235,52.20622
15236,81.08504
15237,61.208176
15238,84.36703
15239,29.70978
15240,66.67722
15241,46.822304
15242,40.990833
15243,36.95194
15244,80.84469
15245,85.62298
15246,84.48631
15247,60.027245
15248,57.32843
15249,50.907406
15250,55.10617
15251,75.26089
15252,78.65299
15253,69.45332
15254,75.29265
15255,75.37006
15256,63.133827
15257,58.025215
15258,37.563828
15259,44.27868
15260,67.23616
15261,44.288734
15262,37.475906
15263,70.89032
15264,55.555
15265,74.43354
15266,66.99863
15267,67.64502
15268,79.96412
15269,74.231514
15270,55.02432
15271,63.46865
15272,53.74039
15273,67.64354
15274,67.35926
15275,49.337147
15276,67.92573
15277,63.382122
15278,79.683464
15279,49.433792
15280,74.1133
15281,57.5061
15282,56.483826
15283,48.015438
15284,53.779808
15285,77.89798
15286,66.74586
15287,60.682156
15288,73.39511
15289,79.107025
15290,64.18446
15291,50.980545
15292,57.19629
15293,58.070766
15294,53.6831
15295,61.672073
15296,57.069458
15297,52.177174
15298,60.604126
15299,67.685524
15300,52.402958
15301,69.01492
15302,54.91659
15303,61.82009
15304,75.940796
15305,54.376575
15306,62.832886
15307,73.81365
15308,62.224247
15309,56.85414
15310,64.10409
15311,69.349976
15312,66.135315
15313,84.10797
15314,32.87944
15315,60.30309
15316,85.97921
15317,53.26987
15318,69.09579
15319,61.832996
15320,64.657036
15321,68.73491
15322,56.433743
15323,50.861797
15324,66.63163
15325,61.41926
15326,69.34526
15327,73.04665
15328,69.19661
15329,64.68103
15330,48.534214
15331,59.140553
15332,69.60362
15333,94.06435
15334,80.17777
15335,54.11964
15336,62.073288
15337,52.648544
15338,75.41742
15339,86.46918
15340,72.584694
15341,75.3417
15342,48.55818
15343,70.733604
15344,48.947506
15345,52.23983
15346,60.948444
15347,83.5616
15348,52.309387
15349,69.785675
15350,43.87411
15351,91.749016
15352,84.651
15353,54.170918
15354,45.341644
15355,67.73628
15356,59.463226
15357,67.52968
15358,45.768795
15359,69.20984
15360,48.308327
15361,60.376934
15362,47.540375
15363,52.299744
15364,59.457256
15365,69.80317
15366,63.26814
15367,76.44635
15368,69.56639
15369,64.29205
15370,77.685776
15371,54.51995
15372,56.714657
15373,61.197117
15374,69.61627
15375,63.993282
15376,48.90792
15377,57.04922
15378,43.823997
15379,79.87286
15380,65.32011
15381,65.24265
15382,39.820156
15383,41.360752
15384,49.897793
15385,75.19513
15386,67.04871
15387,59.800274
15388,44.898216
15389,71.60582
15390,91.12362
15391,71.291336
15392,56.03451
15393,51.002365
15394,58.616802
15395,76.09236
15396,69.55045
15397,63.452934
15398,62.15083
15399,69.453125
15400,58.35968
15401,95.49329
15402,40.165726
15403,46.49155
15404,50.11483
15405,55.792625
15406,70.67515
15407,59.90098
15408,61.67566
15409,74.88237
15410,44.873108
15411,56.42898
15412,54.201748
15413,44.249043
15414,60.28504
15415,87.49704
15416,65.84637
15417,47.197304
15418,63.492897
15419,52.470016
15420,60.62045
15421,45.390984
15422,64.631294
15423,63.256954
15424,60.28327
15425,64.22173
15426,73.85634
15427,54.60578
15428,77.006805
15429,65.52094
15430,46.24854
15431,78.57427
15432,79.04712
15433,61.225445
15434,65.007195
15435,77.12516
15436,72.53419
15437,95.28622
15438,77.5518
15439,52.436188
15440,59.259083
15441,50.49787
15442,57.371235
15443,56.577454
15444,63.425312
15445,48.765385
15446,57.280605
15447,56.203194
15448,72.01124
15449,73.97167
15450,50.56811
15451,79.5596
15452,47.89876
15453,75.71194
15454,57.044884
15455,87.917534
15456,67.2477
15457,62.39945
15458,63.360386
15459,51.495834
15460,56.89361
15461,57.724792
15462,85.63678
15463,61.32701
15464,83.557106
15465,65.75576
15466,66.28536
15467,52.225964
15468,70.92745
15469,60.892338
15470,48.569305
15471,71.93883
15472,46.49552
15473,55.656506
15474,67.35166
15475,66.705
15476,67.10319
15477,84.19178
15478,54.10422
15479,51.619812
15480,59.74755
15481,44.08505
15482,73.19988
15483,46.892536
15484,67.07294
15485,72.725006
15486,50.28776
15487,52.272606
15488,79.5927
15489,56.541092
15490,55.125988
15491,73.177185
15492,51.760014
15493,62.926735
15494,48.73362
15495,67.27488
15496,93.69839
15497,69.44026
15498,64.98654
15499,46.50555
15500,58.966026
15501,73.54237
15502,57.20467
15503,61.229748
15504,54.647327
15505,83.28985
15506,60.68632
15507,40.96082
15508,67.17244
15509,63.105217
15510,59.143436
15511,80.35528
15512,65.35071
15513,62.899708
15514,62.822865
15515,85.4827
15516,74.31153
15517,78.70444
15518,54.86315
15519,70.24199
15520,59.74829
15521,67.335686
15522,82.35091
15523,68.883484
15524,68.406136
15525,54.255646
15526,87.95737
15527,66.36054
15528,42.055317
15529,70.99639
15530,36.77472
15531,73.052986
15532,73.17255
15533,61.962723
15534,68.016
15535,73.12117
15536,67.74711
15537,81.58301
15538,73.780495
15539,64.640686
15540,61.348534
15541,90.64625
15542,67.99586
15543,76.54717
15544,56.43875
15545,63.348972
15546,60.63674
15547,74.41884
15548,80.02169
15549,65.67572
15550,65.45751
15551,67.5893
15552,72.39278
15553,71.89868
15554,50.482964
15555,53.42306
15556,53.231487
15557,69.21156
15558,59.97909
15559,64.00311
15560,66.34781
15561,84.774414
15562,66.85568
15563,51.871468
15564,70.67882
15565,71.260826
15566,68.56534
15567,67.73295
15568,51.446964
15569,64.001595
15570,42.771935
15571,56.380608
15572,51.78845
15573,71.46681
15574,74.7572
15575,54.02532
15576,53.57767
15577,58.51359
15578,74.26825
15579,57.106678
15580,75.684906
15581,42.3745
15582,93.443695
15583,65.69314
15584,45.42164
15585,71.6196
15586,65.990135
15587,69.27296
15588,66.75371
15589,68.2761
15590,65.93294
15591,62.721657
15592,58.9111
15593,92.85179
15594,54.075287
15595,60.935825
15596,52.780167
15597,69.63594
15598,60.088146
15599,71.8055
15600,68.98099
15601,71.28475
15602,47.441483
15603,79.37223
15604,42.15705
15605,47.01068
15606,50.750305
15607,55.89468
15608,83.04109
15609,42.088394
15610,68.85317
15611,94.47301
15612,71.61325
15613,70.80258
15614,82.618484
15615,56.535812
15616,73.79515
15617,67.56941
15618,71.97179
15619,68.919716
15620,66.20452
15621,53.326878
15622,48.497757
15623,62.751144
15624,67.39314
15625,67.00683
15626,60.299297
15627,75.47799
15628,44.011612
15629,37.417583
15630,51.30804
15631,55.41635
15632,71.05525
15633,56.093994
15634,83.1291
15635,67.00334
15636,61.49017
15637,68.370705
15638,53.427265
15639,54.53275
15640,83.660225
15641,64.60855
15642,49.93031
15643,51.5731
15644,65.34224
15645,75.56999
15646,64.873634
15647,83.74434
15648,65.3258
15649,59.35974
15650,75.940094
15651,61.81955
15652,67.26462
15653,62.54223
15654,78.06066
15655,38.921036
15656,59.685852
15657,69.558716
15658,49.903893
15659,84.95366
15660,91.728966
15661,83.221855
15662,58.974182
15663,73.78005
15664,65.99813
15665,71.27133
15666,49.155174
15667,46.05326
15668,72.005264
15669,62.297943
15670,59.470734
15671,71.61915
15672,62.800232
15673,67.76698
15674,61.967102
15675,60.18193
15676,79.321815
15677,96.30016
15678,78.18869
15679,77.41764
15680,71.79344
15681,67.18323
15682,61.71157
15683,51.787212
15684,50.8695
15685,51.493614
15686,64.62189
15687,53.225716
15688,89.09298
15689,86.96222
15690,74.57981
15691,69.166695
15692,71.421425
15693,65.22757
15694,76.70644
15695,65.49243
15696,44.52151
15697,60.5596
15698,55.51373
15699,73.656075
15700,70.00386
15701,64.08297
15702,46.822014
15703,55.99628
15704,68.39267
15705,54.166252
15706,50.515953
15707,65.368546
15708,85.26502
15709,73.25461
15710,61.379128
15711,50.405743
15712,89.52159
15713,58.570286
15714,56.699017
15715,78.77709
15716,93.743866
15717,83.9037
15718,72.0273
15719,50.6056
15720,73.959595
15721,45.765926
15722,78.886536
15723,60.72826
15724,56.187325
15725,68.90225
15726,77.51615
15727,54.910145
15728,58.98059
15729,63.054157
15730,58.444805
15731,61.34209
15732,76.29529
15733,45.420933
15734,57.407085
15735,69.4588
15736,66.52242
15737,63.992546
15738,77.67313
15739,48.376404
15740,78.31161
15741,77.65793
15742,41.476738
15743,70.055626
15744,69.18189
15745,52.915447
15746,54.5473
15747,54.387646
15748,60.503662
15749,78.333496
15750,77.62898
15751,63.23532
15752,90.55266
15753,67.362404
15754,92.82454
15755,65.05912
15756,69.79973
15757,54.342533
15758,73.8308
15759,71.3326
15760,51.296688
15761,63.937496
15762,52.248787
15763,61.779335
15764,48.97406
15765,55.12003
15766,47.88502
15767,59.44355
15768,48.528122
15769,48.934433
15770,67.20952
15771,45.051163
15772,69.97679
15773,32.161224
15774,66.91578
15775,89.90069
15776,49.375885
15777,77.73963
15778,66.17374
15779,67.964745
15780,79.20888
15781,51.821606
15782,56.07897
15783,68.17275
15784,75.19029
15785,87.32581
15786,79.231575
15787,63.284092
15788,74.37997
15789,56.122753
15790,42.58202
15791,35.78154
15792,69.89647
15793,63.48125
15794,62.859642
15795,82.041954
15796,54.64888
15797,68.570984
15798,68.1099
15799,67.28079
15800,84.48666
15801,47.977985
15802,64.94696
15803,44.45342
15804,73.8391
15805,63.539352
15806,65.60828
15807,41.375347
15808,56.045143
15809,77.44196
15810,66.633804
15811,61.95276
15812,57.394768
15813,56.46008
15814,69.27224
15815,67.35264
15816,53.33581
15817,63.393642
15818,65.166885
15819,71.993645
15820,82.9498
15821,70.46787
15822,47.318253
15823,63.58049
15824,58.422123
15825,50.96633
15826,62.007954
15827,56.928253
15828,53.532036
15829,65.38575
15830,72.97928
15831,58.287434
15832,65.183426
15833,74.259125
15834,64.73669
15835,61.51989
15836,85.29758
15837,51.20148
15838,54.16234
15839,56.23724
15840,45.30882
15841,67.33948
15842,55.616615
15843,42.1735
15844,83.35032
15845,42.143677
15846,50.662716
15847,55.959522
15848,68.131386
15849,65.32468
15850,70.710884
15851,70.94307
15852,51.30546
15853,72.25185
15854,62.11847
15855,58.646267
15856,61.89834
15857,66.30108
15858,72.16508
15859,71.55568
15860,64.87497
15861,75.28984
15862,48.92285
15863,67.5926
15864,63.415043
15865,62.957787
15866,55.360935
15867,66.28733
15868,67.96105
15869,56.723694
15870,66.380516
15871,55.811737
15872,49.436935
15873,74.83465
15874,85.025566
15875,81.26463
15876,54.404324
15877,72.11736
15878,92.89399
15879,86.19298
15880,65.27032
15881,60.954483
15882,81.005104
15883,72.06873
15884,44.528557
15885,77.21239
15886,59.291832
15887,39.244545
15888,63.65381
15889,69.00904
15890,92.21192
15891,66.89896
15892,74.3988
15893,73.98373
15894,50.225784
15895,50.86305
15896,71.84748
15897,56.824326
15898,52.80681
15899,64.281395
15900,77.11914
15901,68.31004
15902,61.644623
15903,67.230225
15904,59.47533
15905,63.423653
15906,75.31886
15907,62.781536
15908,57.114147
15909,44.179287
15910,77.48991
15911,69.49934
15912,78.5813
15913,68.52057
15914,64.41837
15915,67.92234
15916,52.901955
15917,76.94317
15918,65.64922
15919,57.910206
15920,57.818478
15921,56.454166
15922,61.680798
15923,63.01108
15924,58.368294
15925,54.2301
15926,53.464653
15927,62.908028
15928,84.58224
15929,64.41159
15930,53.1123
15931,62.534264
15932,50.133995
15933,59.510586
15934,75.97715
15935,70.68145
15936,89.61227
15937,58.46642
15938,67.57028
15939,81.95525
15940,78.22293
15941,53.365696
15942,69.99867
15943,37.42629
15944,78.999855
15945,56.029087
15946,63.76807
15947,58.61983
15948,63.72057
15949,49.822933
15950,56.384014
15951,65.442505
15952,74.87063
15953,53.09366
15954,55.019085
15955,56.38559
15956,60.692062
15957,71.48685
15958,55.432423
15959,46.559628
15960,50.49338
15961,54.251507
15962,69.47448
15963,57.10103
15964,55.460747
15965,68.93794
15966,79.44058
15967,64.15657
15968,42.966007
15969,71.982285
15970,67.238335
15971,61.065277
15972,62.778717
15973,68.31004
15974,52.105175
15975,50.37036
15976,74.78254
15977,94.552246
15978,68.55628
15979,91.009415
15980,70.22089
15981,76.439476
15982,63.157154
15983,68.03645
15984,80.146805
15985,54.72752
15986,53.699394
15987,60.524284
15988,66.275085
15989,72.5656
15990,58.88478
15991,52.61637
15992,62.209026
15993,68.04916
15994,71.029976
15995,60.728542
15996,58.015396
15997,74.76546
15998,67.126114
15999,71.70959
16000,51.201347
16001,68.00678
16002,47.984867
16003,45.608597
16004,62.199696
16005,50.03157
16006,60.503708
16007,51.284267
16008,61.84655
16009,79.7572
16010,80.5265
16011,48.992504
16012,70.696175
16013,77.38503
16014,41.732494
16015,56.6452
16016,55.658787
16017,53.755363
16018,62.364227
16019,60.244278
16020,78.020966
16021,72.748116
16022,59.497578
16023,72.63308
16024,62.863003
16025,53.696827
16026,66.94348
16027,44.569813
16028,49.346466
16029,52.59475
16030,74.507645
16031,53.457436
16032,66.86377
16033,52.686073
16034,69.81109
16035,72.85912
16036,59.432648
16037,68.34424
16038,87.58747
16039,85.577354
16040,62.799183
16041,57.052254
16042,45.724487
16043,65.78065
16044,78.5013
16045,54.54861
16046,80.748
16047,69.62009
16048,70.76537
16049,59.407757
16050,79.19561
16051,48.564354
16052,63.495907
16053,86.51263
16054,40.517963
16055,68.65356
16056,74.42622
16057,82.7777
16058,55.66803
16059,70.47536
16060,64.44983
16061,57.34158
16062,61.110977
16063,59.06846
16064,67.3327
16065,61.38718
16066,70.5693
16067,39.745647
16068,73.93739
16069,62.81491
16070,60.900127
16071,73.63337
16072,50.69161
16073,66.27616
16074,56.436638
16075,66.04291
16076,48.086613
16077,57.14835
16078,75.09682
16079,70.930244
16080,79.7758
16081,73.8679
16082,45.445072
16083,74.47361
16084,59.8817
16085,60.17877
16086,72.89372
16087,72.73914
16088,66.50064
16089,37.250504
16090,83.671646
16091,71.759315
16092,58.133846
16093,55.925873
16094,58.362705
16095,68.108765
16096,60.09078
16097,59.146854
16098,67.37182
16099,73.6112
16100,61.033566
16101,52.808052
16102,62.04723
16103,52.396965
16104,76.83439
16105,57.55853
16106,69.71154
16107,57.94799
16108,57.734497
16109,56.54261
16110,43.66753
16111,47.389343
16112,66.287865
16113,78.67043
16114,46.309616
16115,58.19421
16116,51.517673
16117,56.61357
16118,69.25446
16119,70.16367
16120,68.78544
16121,70.86442
16122,66.77693
16123,54.027145
16124,72.30775
16125,79.727776
16126,51.344963
16127,48.187366
16128,82.007515
16129,77.13301
16130,65.5356
16131,79.08448
16132,54.384544
16133,56.23246
16134,60.788704
16135,74.585526
16136,42.536526
16137,74.133606
16138,58.15446
16139,49.947544
16140,51.555374
16141,39.38432
16142,61.581688
16143,55.206913
16144,69.27732
16145,61.1364
16146,78.159
16147,65.51595
16148,69.74351
16149,78.96645
16150,79.11329
16151,60.033592
16152,84.967705
16153,52.698948
16154,46.474545
16155,74.34517
16156,52.607628
16157,93.64061
16158,74.72429
16159,78.60414
16160,76.25113
16161,76.63379
16162,53.13162
16163,59.04324
16164,72.34328
16165,55.054134
16166,66.155136
16167,61.480244
16168,64.065735
16169,48.598232
16170,71.55132
16171,51.96206
16172,65.346115
16173,89.7124
16174,68.57012
16175,78.943344
16176,56.649624
16177,63.99914
16178,71.81958
16179,89.5871
16180,52.670708
16181,51.90322
16182,63.197826
16183,66.22294
16184,56.52812
16185,58.942196
16186,66.42041
16187,70.5715
16188,67.31805
16189,63.90788
16190,45.448593
16191,76.17069
16192,72.568695
16193,65.615395
16194,95.04418
16195,80.38034
16196,52.12041
16197,54.626545
16198,73.779625
16199,40.15681
16200,63.926437
16201,70.92637
16202,82.68678
16203,88.217224
16204,71.25701
16205,45.006016
16206,62.559223
16207,62.160595
16208,56.570976
16209,65.25706
16210,55.437405
16211,68.428856
16212,91.24811
16213,64.95063
16214,57.578793
16215,48.90988
16216,50.190086
16217,58.996353
16218,49.80454
16219,66.33858
16220,62.374783
16221,77.86793
16222,78.06334
16223,46.149082
16224,70.0929
16225,65.76131
16226,69.19236
16227,73.320366
16228,70.347946
16229,41.92352
16230,83.93364
16231,80.505066
16232,93.20166
16233,74.04787
16234,62.057865
16235,60.51376
16236,44.46426
16237,78.12488
16238,47.71658
16239,74.59073
16240,74.028854
16241,68.99864
16242,48.07602
16243,47.838852
16244,56.06253
16245,89.56812
16246,55.94512
16247,74.247925
16248,64.060776
16249,71.25603
16250,73.65019
16251,59.16284
16252,83.346214
16253,92.37458
16254,66.670876
16255,56.53972
16256,72.16011
16257,71.2179
16258,47.563972
16259,67.91407
16260,49.35214
16261,59.639
16262,70.526924
16263,74.46397
16264,80.20359
16265,82.784225
16266,74.213196
16267,83.62423
16268,59.90011
16269,66.07052
16270,64.36742
16271,63.40972
16272,65.15739
16273,65.9388
16274,38.18534
16275,54.87083
16276,41.190647
16277,73.164375
16278,50.332836
16279,63.46032
16280,48.35671
16281,65.44104
16282,75.0289
16283,76.351944
16284,47.15229
16285,56.225086
16286,80.45263
16287,61.74585
16288,72.2461
16289,63.877495
16290,65.779724
16291,45.480232
16292,63.075134
16293,73.64584
16294,59.433926
16295,64.54872
16296,64.45152
16297,72.864655
16298,70.16744
16299,40.4154
16300,62.974392
16301,87.099594
16302,74.42915
16303,41.510994
16304,63.682285
16305,89.626114
16306,60.028706
16307,58.705585
16308,48.935616
16309,71.33977
16310,80.31945
16311,60.671715
16312,49.2155
16313,78.301216
16314,72.442245
16315,75.26664
16316,60.440514
16317,68.33987
16318,50.115433
16319,55.77755
16320,36.68789
16321,53.87958
16322,44.225536
16323,80.11456
16324,77.80896
16325,59.475048
16326,73.66802
16327,74.856834
16328,62.172585
16329,50.15597
16330,59.54174
16331,59.38353
16332,57.2158
16333,81.878975
16334,54.518993
16335,71.98863
16336,59.34793
16337,70.70107
16338,64.33095
16339,63.740917
16340,57.196056
16341,78.713
16342,71.18598
16343,61.81871
16344,40.536716
16345,62.43832
16346,67.80017
16347,72.47937
16348,45.699394
16349,91.2617
16350,79.08179
16351,80.865265
16352,80.09575
16353,50.129612
16354,78.777275
16355,60.681423
16356,66.27767
16357,48.81723
16358,57.992893
16359,67.307495
16360,60.321
16361,64.777306
16362,66.24651
16363,67.506454
16364,58.379944
16365,89.8667
16366,67.78409
16367,57.366444
16368,76.094284
16369,75.813095
16370,70.866776
16371,71.808975
16372,63.289776
16373,54.55146
16374,87.94212
16375,58.25677
16376,56.493496
16377,57.91896
16378,46.70766
16379,71.85478
16380,68.1427
16381,62.637264
16382,80.62378
16383,69.18701
16384,60.23368
16385,52.12715
16386,59.9488
16387,53.37683
16388,56.411144
16389,54.114285
16390,77.46318
16391,61.40444
16392,55.337322
16393,56.55712
16394,73.40511
16395,85.72504
16396,67.99849
16397,55.266773
16398,70.74134
16399,51.84581
16400,53.33298
16401,63.181488
16402,73.050575
16403,69.71526
16404,67.69261
16405,69.96036
16406,76.342964
16407,61.92137
16408,70.95536
16409,62.137394
16410,75.12255
16411,71.87694
16412,67.61817
16413,67.46179
16414,72.208275
16415,65.43023
16416,74.820755
16417,56.63981
16418,45.297832
16419,65.22403
16420,89.00133
16421,63.154087
16422,65.85531
16423,61.949257
16424,66.42512
16425,72.96266
16426,73.531456
16427,65.948265
16428,54.53225
16429,50.938347
16430,84.322365
16431,38.634274
16432,67.356316
16433,57.261642
16434,66.33443
16435,51.80743
16436,61.32286
16437,80.620346
16438,74.34107
16439,54.645588
16440,66.64261
16441,58.15387
16442,49.930607
16443,59.0392
16444,64.4316
16445,65.24807
16446,67.7412
16447,74.765045
16448,66.25339
16449,90.06
16450,60.50869
16451,56.570374
16452,73.22584
16453,53.25346
16454,62.706024
16455,76.51185
16456,71.18034
16457,65.24617
16458,66.12116
16459,82.752205
16460,38.039047
16461,62.247833
16462,77.52714
16463,57.737434
16464,71.51427
16465,63.2496
16466,65.23432
16467,70.66309
16468,72.73747
16469,64.38535
16470,67.61488
16471,70.175896
16472,58.65869
16473,56.98571
16474,47.36339
16475,73.57012
16476,51.06594
16477,62.96539
16478,64.098175
16479,62.965824
16480,72.6098
16481,58.959133
16482,57.09212
16483,61.985226
16484,51.040276
16485,68.96987
16486,62.52874
16487,66.39803
16488,55.707153
16489,67.06412
16490,60.521633
16491,72.64019
16492,59.23868
16493,60.75565
16494,68.80497
16495,73.526
16496,64.49799
16497,59.175213
16498,56.276134
16499,56.27544
16500,34.853054
16501,61.410397
16502,59.86807
16503,78.75035
16504,40.665264
16505,71.42823
16506,78.73826
16507,68.05837
16508,73.91905
16509,69.903656
16510,75.10139
16511,67.23608
16512,45.089355
16513,57.118763
16514,57.83016
16515,79.731995
16516,71.20606
16517,68.4181
16518,66.84452
16519,52.96448
16520,57.58066
16521,65.273125
16522,54.115692
16523,74.7234
16524,46.609943
16525,63.07829
16526,57.859932
16527,73.09662
16528,82.529205
16529,68.85217
16530,76.34716
16531,60.713005
16532,56.497498
16533,66.21989
16534,61.621025
16535,61.074127
16536,62.774292
16537,76.47859
16538,55.401283
16539,59.97698
16540,83.88906
16541,62.740353
16542,73.543884
16543,62.475586
16544,36.187347
16545,67.19616
16546,94.71184
16547,72.95164
16548,52.87258
16549,58.372627
16550,61.29692
16551,79.500084
16552,65.566734
16553,60.947254
16554,73.71959
16555,65.789734
16556,49.30364
16557,34.628716
16558,62.555824
16559,50.316887
16560,70.327194
16561,71.39372
16562,50.831078
16563,55.43583
16564,55.765045
16565,48.14396
16566,61.738815
16567,64.0443
16568,36.201496
16569,65.43779
16570,77.32169
16571,62.92727
16572,74.242615
16573,83.87567
16574,75.478386
16575,58.71162
16576,73.99987
16577,65.873634
16578,61.614
16579,80.08147
16580,53.431183
16581,79.57421
16582,79.564384
16583,75.13992
16584,73.23834
16585,68.73781
16586,56.77661
16587,58.32196
16588,42.130676
16589,43.186153
16590,53.614445
16591,66.52278
16592,75.96763
16593,72.48628
16594,45.003197
16595,58.21423
16596,52.07867
16597,35.67179
16598,60.197014
16599,56.342743
16600,53.229282
16601,64.66018
16602,59.02613
16603,71.70484
16604,54.8953
16605,53.320393
16606,52.524593
16607,65.2999
16608,53.144142
16609,67.85395
16610,82.97908
16611,52.724354
16612,63.89972
16613,53.07483
16614,65.16957
16615,70.423225
16616,67.56214
16617,66.23117
16618,74.51165
16619,49.817265
16620,55.284058
16621,75.94863
16622,48.30555
16623,63.10723
16624,73.974686
16625,73.51351
16626,54.031578
16627,78.79657
16628,59.246746
16629,71.51192
16630,62.866997
16631,49.157124
16632,66.822395
16633,61.859802
16634,49.40732
16635,53.187057
16636,54.669968
16637,73.01009
16638,48.368145
16639,74.38139
16640,66.75408
16641,49.195946
16642,68.60829
16643,58.379818
16644,52.833233
16645,71.94258
16646,42.205994
16647,75.171585
16648,42.227432
16649,57.237278
16650,67.50417
16651,75.42748
16652,81.559204
16653,67.81826
16654,55.147774
16655,49.43145
16656,53.11128
16657,52.770237
16658,67.33385
16659,68.67382
16660,66.7047
16661,70.54458
16662,52.25838
16663,75.1007
16664,73.48206
16665,61.092896
16666,69.92088
16667,63.290676
16668,79.89155
16669,63.26925
16670,60.730488
16671,85.45951
16672,54.34921
16673,61.499477
16674,61.34927
16675,65.202934
16676,55.44622
16677,50.889267
16678,47.239033
16679,73.661964
16680,68.31048
16681,52.349735
16682,65.211105
16683,73.0246
16684,69.87549
16685,57.657578
16686,71.88653
16687,60.718292
16688,50.920246
16689,64.24072
16690,68.132454
16691,70.7488
16692,72.04964
16693,68.77767
16694,60.490746
16695,83.834404
16696,59.367554
16697,69.55165
16698,42.591484
16699,80.131096
16700,69.67852
16701,54.814247
16702,53.981754
16703,60.701454
16704,75.84378
16705,49.99935
16706,70.682495
16707,61.72064
16708,66.33443
16709,66.17022
16710,54.818916
16711,56.16309
16712,60.205833
16713,63.371426
16714,68.934875
16715,59.44347
16716,55.868195
16717,42.771877
16718,60.396057
16719,73.90799
16720,70.30678
16721,67.28409
16722,74.82326
16723,69.05011
16724,71.15299
16725,45.361004
16726,73.72537
16727,57.563576
16728,65.112015
16729,58.902466
16730,66.956894
16731,66.48604
16732,61.429424
16733,56.159943
16734,51.072636
16735,56.796017
16736,79.157524
16737,66.14139
16738,55.385582
16739,62.602695
16740,69.95803
16741,63.815914
16742,60.28515
16743,63.20046
16744,79.09022
16745,63.166855
16746,51.452114
16747,61.45954
16748,52.73562
16749,58.115643
16750,65.7178
16751,54.685787
16752,53.206535
16753,58.77926
16754,45.662636
16755,52.443954
16756,50.801815
16757,61.49411
16758,76.62997
16759,64.010605
16760,72.23396
16761,59.000614
16762,41.382973
16763,77.05661
16764,91.42483
16765,76.77462
16766,68.81573
16767,58.233765
16768,63.72866
16769,47.049255
16770,79.93283
16771,49.111347
16772,60.908455
16773,57.556816
16774,51.611553
16775,68.93134
16776,85.78969
16777,79.56122
16778,75.65678
16779,64.19016
16780,55.254963
16781,76.53772
16782,61.208996
16783,55.936203
16784,58.686066
16785,65.99438
16786,45.73254
16787,86.795425
16788,51.10884
16789,57.428577
16790,61.320404
16791,75.86444
16792,67.646576
16793,66.696945
16794,80.44039
16795,53.11194
16796,56.595016
16797,51.695972
16798,36.88918
16799,60.47756
16800,60.668663
16801,80.21509
16802,85.99724
16803,62.205017
16804,58.64059
16805,53.914112
16806,50.52512
16807,37.713696
16808,63.5814
16809,63.11174
16810,88.01826
16811,69.37847
16812,68.85042
16813,70.80138
16814,62.127968
16815,75.63571
16816,59.717464
16817,65.175156
16818,57.572964
16819,56.676003
16820,87.738754
16821,60.504326
16822,59.229176
16823,59.24746
16824,56.315094
16825,59.9895
16826,50.383545
16827,65.12319
16828,50.13028
16829,53.969677
16830,65.1084
16831,42.881798
16832,81.127655
16833,44.861973
16834,54.57531
16835,95.67604
16836,76.53262
16837,56.319977
16838,63.295944
16839,72.916176
16840,72.19919
16841,79.57923
16842,96.733604
16843,66.42616
16844,60.653156
16845,46.815723
16846,67.62408
16847,68.52551
16848,58.147057
16849,78.28651
16850,71.980354
16851,79.041306
16852,80.51222
16853,57.94578
16854,72.272896
16855,84.34423
16856,54.71555
16857,61.89406
16858,75.48101
16859,87.53192
16860,58.034187
16861,61.423965
16862,76.43986
16863,57.121197
16864,62.52194
16865,57.22317
16866,66.97014
16867,50.79469
16868,55.900707
16869,61.410168
16870,65.8807
16871,43.917835
16872,67.80201
16873,41.503185
16874,55.324375
16875,61.106377
16876,71.039635
16877,59.921494
16878,68.72756
16879,58.50148
16880,90.12135
16881,78.62813
16882,58.33997
16883,60.706577
16884,50.802967
16885,47.795643
16886,41.57091
16887,42.157288
16888,61.521786
16889,48.19067
16890,84.222626
16891,51.777393
16892,54.521137
16893,63.902195
16894,58.01089
16895,94.09541
16896,72.54485
16897,77.16938
16898,82.660355
16899,37.72731
16900,68.96922
16901,51.17094
16902,68.577095
16903,80.5161
16904,66.69774
16905,98.52764
16906,81.46931
16907,48.515472
16908,64.75893
16909,66.0239
16910,51.238846
16911,57.044247
16912,60.516953
16913,54.6601
16914,69.76642
16915,64.889145
16916,63.51622
16917,74.89232
16918,59.412876
16919,89.32775
16920,54.86041
16921,54.884785
16922,53.52338
16923,56.436752
16924,57.143665
16925,66.907074
16926,63.872463
16927,56.60408
16928,78.958725
16929,63.643436
16930,61.35079
16931,61.072903
16932,67.79646
16933,52.322784
16934,90.63389
16935,50.932648
16936,55.752945
16937,73.099144
16938,49.591522
16939,61.468708
16940,52.81223
16941,58.527782
16942,60.041954
16943,63.651398
16944,50.53616
16945,89.591324
16946,54.439907
16947,57.1569
16948,61.728245
16949,55.23725
16950,63.702118
16951,73.4549
16952,55.69043
16953,56.899734
16954,61.626087
16955,69.917755
16956,52.246555
16957,69.87731
16958,68.23189
16959,63.204704
16960,67.45986
16961,73.00014
16962,56.519196
16963,80.35338
16964,86.04484
16965,82.852425
16966,66.899826
16967,77.142975
16968,64.01312
16969,77.59756
16970,70.666756
16971,68.5001
16972,52.906425
16973,55.506897
16974,49.979176
16975,74.498314
16976,47.663105
16977,57.866467
16978,44.752953
16979,50.93568
16980,60.551006
16981,83.06303
16982,75.81741
16983,63.692745
16984,69.11775
16985,83.53918
16986,63.339207
16987,55.026268
16988,47.846348
16989,68.18001
16990,74.666046
16991,66.989944
16992,71.20716
16993,60.237255
16994,79.59744
16995,72.971924
16996,81.50133
16997,63.86771
16998,55.44101
16999,66.75837
17000,60.91413
17001,70.7677
17002,69.8242
17003,61.124294
17004,55.047955
17005,67.15874
17006,77.47632
17007,55.970905
17008,59.166183
17009,54.90839
17010,65.06148
17011,60.94874
17012,54.00218
17013,69.9921
17014,85.72117
17015,61.02124
17016,60.14729
17017,49.20848
17018,63.8322
17019,59.224113
17020,60.786232
17021,48.980297
17022,46.525963
17023,71.99899
17024,56.77459
17025,75.128975
17026,62.666767
17027,73.740555
17028,67.9486
17029,74.61994
17030,74.87851
17031,72.454575
17032,63.973526
17033,74.86343
17034,90.03229
17035,78.4579
17036,45.188457
17037,79.85084
17038,65.908134
17039,56.82618
17040,59.349663
17041,67.371025
17042,64.922775
17043,72.50328
17044,64.653564
17045,77.95321
17046,65.156265
17047,72.72863
17048,42.043034
17049,57.26719
17050,69.70045
17051,56.25719
17052,66.17198
17053,85.21574
17054,63.72135
17055,66.87269
17056,79.64824
17057,57.089245
17058,38.36529
17059,68.11902
17060,77.56078
17061,68.124176
17062,65.04635
17063,63.88281
17064,68.762825
17065,69.46678
17066,77.30899
17067,44.58986
17068,77.17188
17069,74.30331
17070,52.35286
17071,69.62225
17072,72.80515
17073,51.625053
17074,77.330765
17075,79.34217
17076,91.80549
17077,50.963318
17078,60.765007
17079,65.89611
17080,48.21648
17081,63.66366
17082,65.71865
17083,80.95442
17084,65.343025
17085,62.32469
17086,71.29671
17087,61.665524
17088,44.991978
17089,88.60115
17090,66.097275
17091,72.22046
17092,75.27335
17093,71.47401
17094,81.18957
17095,55.375675
17096,57.525448
17097,54.13398
17098,60.416378
17099,56.347977
17100,53.770775
17101,72.60653
17102,65.983765
17103,77.72921
17104,56.523716
17105,46.310337
17106,79.51876
17107,63.232758
17108,50.01695
17109,53.675323
17110,75.82803
17111,55.051704
17112,70.70786
17113,59.690144
17114,75.047844
17115,74.4294
17116,65.755486
17117,73.57892
17118,41.342724
17119,64.088745
17120,61.154366
17121,68.76524
17122,69.32002
17123,62.11906
17124,74.31754
17125,56.293003
17126,81.14727
17127,66.07226
17128,68.66473
17129,67.62943
17130,56.002117
17131,83.06514
17132,73.03804
17133,57.943867
17134,55.223396
17135,73.84069
17136,62.278126
17137,81.688446
17138,66.487495
17139,69.702194
17140,66.9642
17141,62.15103
17142,60.482212
17143,48.929005
17144,42.13045
17145,46.444103
17146,79.46768
17147,63.862705
17148,56.536377
17149,54.513737
17150,53.597576
17151,54.038307
17152,80.541626
17153,67.16781
17154,50.705643
17155,59.416897
17156,62.481907
17157,56.828613
17158,80.978745
17159,41.66618
17160,87.67595
17161,55.623375
17162,50.75238
17163,49.241367
17164,43.15876
17165,46.9966
17166,64.266655
17167,62.530254
17168,79.560165
17169,68.58464
17170,57.32691
17171,72.71566
17172,69.528915
17173,60.82285
17174,61.75762
17175,54.756256
17176,95.54055
17177,44.00789
17178,71.613976
17179,88.87842
17180,71.07652
17181,63.868675
17182,54.929565
17183,56.435406
17184,65.226265
17185,74.32784
17186,59.5906
17187,55.756775
17188,70.243355
17189,71.52993
17190,77.0875
17191,81.630325
17192,93.763794
17193,60.756912
17194,60.328663
17195,71.5804
17196,69.8845
17197,61.06861
17198,51.789448
17199,49.20034
17200,46.678318
17201,49.004704
17202,74.08081
17203,91.81118
17204,65.02461
17205,60.377167
17206,67.68327
17207,47.14976
17208,54.128445
17209,64.338036
17210,52.965504
17211,75.99688
17212,59.58154
17213,62.613674
17214,48.688347
17215,52.378006
17216,44.824814
17217,66.59215
17218,56.296326
17219,69.58424
17220,54.82263
17221,50.811737
17222,70.54525
17223,93.66795
17224,59.99153
17225,74.36286
17226,58.98128
17227,66.65444
17228,92.83604
17229,43.855156
17230,76.91706
17231,49.262623
17232,80.049065
17233,74.07554
17234,69.96667
17235,76.06741
17236,74.57585
17237,47.24744
17238,69.17364
17239,59.603916
17240,72.756935
17241,69.1743
17242,46.223927
17243,68.99665
17244,58.772263
17245,73.67229
17246,62.031555
17247,70.03235
17248,69.1983
17249,52.382412
17250,51.79397
17251,64.76301
17252,68.91814
17253,85.9237
17254,78.637665
17255,59.175358
17256,73.466446
17257,72.57621
17258,45.686783
17259,63.854122
17260,76.07608
17261,47.405754
17262,47.161083
17263,82.70586
17264,67.80737
17265,62.381824
17266,66.190834
17267,74.62695
17268,54.5682
17269,69.845566
17270,75.807556
17271,53.05498
17272,72.07475
17273,77.44255
17274,92.38808
17275,46.978573
17276,75.15288
17277,56.412903
17278,35.16032
17279,69.56338
17280,59.911785
17281,55.796158
17282,78.26712
17283,54.73049
17284,67.485535
17285,85.3082
17286,56.1665
17287,55.26584
17288,77.526535
17289,49.59377
17290,71.98599
17291,99.748955
17292,67.4284
17293,63.715034
17294,84.00245
17295,49.171597
17296,77.435135
17297,65.27807
17298,66.10766
17299,63.045116
17300,59.30224
17301,76.742256
17302,52.375618
17303,53.095974
17304,58.24929
17305,66.05899
17306,71.0946
17307,64.91712
17308,70.21678
17309,54.101097
17310,78.125114
17311,45.99722
17312,63.019382
17313,81.584435
17314,59.99506
17315,48.37635
17316,82.213646
17317,65.38394
17318,68.458595
17319,46.01869
17320,71.43656
17321,59.595806
17322,60.199287
17323,45.175877
17324,74.34167
17325,42.30868
17326,56.58229
17327,69.34392
17328,47.14099
17329,46.32895
17330,39.03177
17331,52.322094
17332,68.50195
17333,74.174416
17334,47.351593
17335,65.66054
17336,59.40792
17337,83.92009
17338,76.87642
17339,56.239056
17340,74.0447
17341,62.773216
17342,77.91876
17343,48.698483
17344,73.79599
17345,55.616413
17346,53.195835
17347,55.995792
17348,57.988358
17349,56.61134
17350,58.809647
17351,58.554996
17352,72.39581
17353,67.90501
17354,49.16114
17355,64.91832
17356,63.729836
17357,71.38883
17358,72.546715
17359,66.75237
17360,83.02449
17361,71.491714
17362,52.328667
17363,67.65583
17364,68.43402
17365,43.921257
17366,66.16219
17367,66.93298
17368,55.57426
17369,79.87547
17370,69.75537
17371,61.840847
17372,60.12317
17373,69.74459
17374,60.715664
17375,67.61364
17376,89.0858
17377,81.74744
17378,79.93687
17379,66.23386
17380,52.695274
17381,66.63156
17382,40.607918
17383,44.272915
17384,67.448814
17385,55.755615
17386,59.790314
17387,50.61732
17388,70.62301
17389,59.61479
17390,63.616592
17391,59.88
17392,80.91005
17393,62.813843
17394,71.921104
17395,55.91759
17396,52.27209
17397,66.0095
17398,46.605564
17399,47.447098
17400,57.910065
17401,75.45589
17402,75.50456
17403,90.31745
17404,78.5564
17405,71.98233
17406,76.593864
17407,63.42017
17408,69.98345
17409,57.088573
17410,65.76083
17411,60.534134
17412,57.677963
17413,44.946686
17414,86.26342
17415,69.7576
17416,74.15312
17417,65.07718
17418,58.989605
17419,49.46408
17420,61.802036
17421,67.791824
17422,57.444958
17423,53.54179
17424,57.65365
17425,64.35404
17426,67.07462
17427,68.23156
17428,61.227856
17429,60.309284
17430,48.15828
17431,64.92523
17432,72.69598
17433,90.382324
17434,70.32537
17435,58.412956
17436,53.89561
17437,45.4346
17438,47.824528
17439,60.570034
17440,57.39967
17441,48.280445
17442,49.107315
17443,47.24978
17444,78.50181
17445,64.30163
17446,72.71922
17447,56.55856
17448,52.08253
17449,64.193634
17450,61.620472
17451,67.816216
17452,61.805225
17453,76.62672
17454,82.21021
17455,60.866924
17456,51.267265
17457,66.81475
17458,77.64175
17459,46.059956
17460,50.127872
17461,62.06807
17462,66.15365
17463,57.90461
17464,64.85949
17465,55.24286
17466,91.34206
17467,77.3301
17468,71.057465
17469,83.60848
17470,75.72533
17471,66.84269
17472,69.98341
17473,83.8409
17474,49.974308
17475,47.845306
17476,60.394207
17477,68.131584
17478,84.167015
17479,44.89747
17480,81.93878
17481,52.613224
17482,74.87096
17483,61.469208
17484,75.52354
17485,65.10184
17486,28.724676
17487,61.61924
17488,88.219345
17489,92.71523
17490,43.251064
17491,70.5791
17492,77.845894
17493,77.94549
17494,74.23598
17495,77.02862
17496,49.77574
17497,70.45545
17498,53.044964
17499,43.913902
17500,73.0457
17501,79.159035
17502,50.344254
17503,66.48411
17504,48.976532
17505,45.385555
17506,75.68679
17507,60.641953
17508,70.194885
17509,59.880997
17510,59.665936
17511,75.75065
17512,61.403824
17513,72.334496
17514,51.5505
17515,79.95939
17516,60.45831
17517,64.39972
17518,69.69285
17519,78.285706
17520,48.322807
17521,38.48697
17522,73.2514
17523,66.17175
17524,45.98121
17525,64.12259
17526,49.64818
17527,55.09177
17528,64.72867
17529,45.3755
17530,70.7776
17531,70.75203
17532,67.842735
17533,73.770706
17534,85.07937
17535,55.26011
17536,70.56767
17537,56.110153
17538,51.711212
17539,55.308865
17540,66.858345
17541,39.555904
17542,49.54354
17543,43.53663
17544,63.336235
17545,49.285732
17546,50.163044
17547,66.58955
17548,74.97388
17549,57.529873
17550,68.68769
17551,73.08629
17552,69.203156
17553,54.44892
17554,64.486946
17555,77.88666
17556,44.44676
17557,96.3762
17558,89.043816
17559,66.35764
17560,98.94418
17561,72.480736
17562,76.38244
17563,80.40612
17564,60.34929
17565,71.12741
17566,58.35593
17567,53.957447
17568,69.01601
17569,69.40939
17570,48.344593
17571,60.66459
17572,55.114765
17573,75.23771
17574,57.41392
17575,58.703915
17576,77.859985
17577,85.70977
17578,73.56744
17579,61.296593
17580,66.27196
17581,80.706215
17582,61.555202
17583,85.60492
17584,54.245853
17585,48.62243
17586,84.290886
17587,69.243645
17588,62.326267
17589,61.221672
17590,70.11982
17591,61.44537
17592,77.194855
17593,61.47194
17594,63.778828
17595,49.116013
17596,52.866737
17597,47.17538
17598,56.919025
17599,81.484985
17600,59.277367
17601,49.422318
17602,96.23126
17603,64.79249
17604,73.67352
17605,67.426765
17606,56.204044
17607,47.10508
17608,57.671978
17609,71.069565
17610,77.45947
17611,71.653534
17612,41.928703
17613,60.8885
17614,36.121193
17615,66.7298
17616,66.709946
17617,58.851437
17618,55.66977
17619,71.05389
17620,67.45933
17621,62.74842
17622,61.366253
17623,57.759384
17624,83.03845
17625,84.0716
17626,51.93309
17627,71.37278
17628,66.20835
17629,70.68499
17630,45.675426
17631,83.04195
17632,81.346794
17633,49.44253
17634,52.990807
17635,72.27302
17636,80.78605
17637,71.57083
17638,60.7916
17639,79.604385
17640,60.811596
17641,68.90201
17642,54.291973
17643,65.589966
17644,55.170685
17645,48.13997
17646,80.18135
17647,76.792076
17648,85.66264
17649,67.05062
17650,65.42995
17651,56.314674
17652,77.71243
17653,54.55583
17654,63.054165
17655,62.33423
17656,58.531666
17657,69.39864
17658,57.120182
17659,67.449295
17660,52.03163
17661,53.349335
17662,67.54562
17663,57.041782
17664,78.52552
17665,62.48287
17666,64.32291
17667,75.59111
17668,49.526672
17669,55.934273
17670,78.12621
17671,71.215034
17672,54.427505
17673,75.556946
17674,60.8697
17675,72.61595
17676,67.59634
17677,80.88795
17678,60.93919
17679,95.45433
17680,49.733356
17681,66.44536
17682,78.24903
17683,79.39056
17684,73.05763
17685,53.478313
17686,49.234344
17687,60.201763
17688,81.18702
17689,59.78821
17690,68.57786
17691,48.67641
17692,73.9878
17693,60.12639
17694,67.567566
17695,54.943184
17696,49.531403
17697,49.88032
17698,43.470955
17699,63.450165
17700,70.44518
17701,69.19059
17702,70.70411
17703,74.49127
17704,69.44025
17705,80.783264
17706,51.020103
17707,53.548416
17708,70.88896
17709,85.46076
17710,74.90722
17711,87.104836
17712,69.24009
17713,69.78652
17714,49.848488
17715,70.48225
17716,65.62122
17717,58.718845
17718,52.545433
17719,48.539238
17720,66.26948
17721,63.02938
17722,60.511715
17723,79.42972
17724,66.3118
17725,67.9507
17726,80.47103
17727,67.6935
17728,61.00114
17729,55.81199
17730,59.95356
17731,65.5134
17732,71.189445
17733,41.91723
17734,61.53777
17735,87.38821
17736,76.856926
17737,59.451687
17738,58.86065
17739,90.02452
17740,62.67628
17741,87.075905
17742,61.917515
17743,68.78901
17744,74.74624
17745,63.771
17746,61.96464
17747,73.79021
17748,69.734184
17749,55.66894
17750,54.91023
17751,64.72484
17752,62.691395
17753,51.879223
17754,80.806854
17755,52.220062
17756,67.023186
17757,62.361607
17758,54.649044
17759,71.846146
17760,57.686115
17761,57.166996
17762,51.105896
17763,61.5115
17764,65.240845
17765,56.5768
17766,39.968544
17767,70.31882
17768,56.158108
17769,90.80299
17770,68.946365
17771,65.08344
17772,76.50357
17773,60.81918
17774,46.037884
17775,76.361855
17776,63.69243
17777,47.166607
17778,83.67573
17779,67.56522
17780,56.205845
17781,53.138485
17782,52.588394
17783,53.60998
17784,57.988445
17785,57.086704
17786,72.878395
17787,76.2795
17788,46.115936
17789,80.05493
17790,93.595215
17791,56.67258
17792,58.73556
17793,66.295395
17794,75.25047
17795,63.210358
17796,69.423584
17797,44.901093
17798,58.642323
17799,50.549805
17800,68.526115
17801,71.58738
17802,88.41741
17803,71.61639
17804,70.75873
17805,69.933
17806,71.40627
17807,53.869465
17808,58.973587
17809,55.625587
17810,53.338093
17811,55.76669
17812,66.21983
17813,51.09685
17814,60.132545
17815,61.395893
17816,63.090233
17817,65.61665
17818,51.071022
17819,69.41127
17820,55.283222
17821,68.54196
17822,70.170525
17823,65.582115
17824,71.30353
17825,56.12372
17826,49.377983
17827,80.52408
17828,62.48156
17829,72.14991
17830,75.31252
17831,61.69251
17832,71.717865
17833,60.569756
17834,76.532425
17835,63.960148
17836,66.11319
17837,72.951775
17838,70.568436
17839,66.59101
17840,58.523045
17841,78.87738
17842,60.121517
17843,54.073486
17844,54.46935
17845,67.45942
17846,86.750336
17847,64.92882
17848,51.830322
17849,56.122368
17850,92.07481
17851,90.04766
17852,59.364628
17853,57.014084
17854,53.849144
17855,78.70906
17856,79.45781
17857,73.070206
17858,62.79906
17859,87.43814
17860,67.0292
17861,67.561485
17862,49.592632
17863,53.088036
17864,72.909065
17865,72.91742
17866,55.89058
17867,48.501446
17868,73.3489
17869,79.0612
17870,68.31766
17871,74.32692
17872,45.048523
17873,51.644886
17874,47.035503
17875,59.87937
17876,60.12152
17877,54.55931
17878,75.87251
17879,56.86569
17880,63.713573
17881,76.342804
17882,83.76029
17883,74.21947
17884,59.009785
17885,72.575386
17886,72.07533
17887,68.02984
17888,75.35798
17889,62.664223
17890,69.13777
17891,71.91094
17892,67.95873
17893,64.31713
17894,55.050274
17895,66.432594
17896,73.87562
17897,61.538036
17898,55.451923
17899,65.21889
17900,62.46414
17901,48.164364
17902,77.10037
17903,72.798096
17904,35.656532
17905,42.24021
17906,51.84564
17907,68.792625
17908,70.7447
17909,86.30512
17910,68.17606
17911,61.877056
17912,61.739365
17913,75.8827
17914,72.566315
17915,62.211533
17916,62.05463
17917,79.55724
17918,74.73874
17919,45.812786
17920,65.53948
17921,72.386475
17922,105.50689
17923,59.395195
17924,68.8456
17925,61.048237
17926,82.52699
17927,62.520905
17928,72.90075
17929,58.511047
17930,61.200485
17931,48.6222
17932,57.046574
17933,70.82936
17934,56.805973
17935,60.861137
17936,69.18345
17937,71.66789
17938,82.76482
17939,59.695007
17940,72.94831
17941,57.944225
17942,51.459015
17943,55.199593
17944,65.494484
17945,60.258495
17946,89.50161
17947,51.81655
17948,81.422874
17949,62.1207
17950,74.959366
17951,57.185402
17952,61.71676
17953,62.94806
17954,96.096436
17955,77.15779
17956,60.23946
17957,58.865856
17958,69.773285
17959,69.63503
17960,59.62703
17961,73.56997
17962,70.26425
17963,82.23316
17964,65.10034
17965,57.514347
17966,97.05037
17967,62.88488
17968,81.0551
17969,80.03501
17970,64.00514
17971,78.90354
17972,57.768887
17973,54.89889
17974,66.22737
17975,61.24142
17976,74.2808
17977,48.155914
17978,74.3493
17979,65.015236
17980,60.920708
17981,96.4461
17982,63.288883
17983,65.30427
17984,85.91807
17985,45.69766
17986,89.39486
17987,70.39101
17988,89.028694
17989,50.1722
17990,52.749355
17991,71.46677
17992,51.4219
17993,52.07906
17994,62.77167
17995,42.623833
17996,82.7569
17997,83.76701
17998,69.741905
17999,47.585133
18000,47.892605
18001,56.111164
18002,85.20738
18003,72.88892
18004,70.54553
18005,68.640465
18006,59.60688
18007,48.604053
18008,72.69509
18009,78.118034
18010,63.91286
18011,75.48694
18012,69.92298
18013,68.61293
18014,58.25245
18015,73.59504
18016,55.4964
18017,38.170395
18018,63.973583
18019,70.03986
18020,69.78902
18021,71.03538
18022,56.69807
18023,59.952797
18024,80.57485
18025,63.423176
18026,84.221245
18027,65.82928
18028,53.049225
18029,51.467934
18030,65.32138
18031,51.638584
18032,79.09671
18033,68.08552
18034,37.957817
18035,60.018845
18036,83.17948
18037,54.71002
18038,50.49084
18039,73.479324
18040,64.80646
18041,59.32095
18042,51.44937
18043,71.95279
18044,61.516094
18045,45.07114
18046,93.78615
18047,53.406403
18048,72.58848
18049,84.94891
18050,54.71531
18051,55.21587
18052,89.130005
18053,55.24042
18054,74.51621
18055,60.71565
18056,52.216587
18057,58.941387
18058,42.463524
18059,48.662994
18060,43.961514
18061,60.707638
18062,75.40116
18063,63.72369
18064,59.28647
18065,71.00835
18066,60.458267
18067,68.80892
18068,48.195824
18069,64.70585
18070,50.825005
18071,80.42635
18072,47.578217
18073,53.4476
18074,66.13759
18075,84.011604
18076,76.52083
18077,80.91716
18078,71.08319
18079,74.387245
18080,54.586773
18081,76.52264
18082,65.76162
18083,55.555004
18084,83.76059
18085,67.98004
18086,56.800934
18087,68.80407
18088,52.399216
18089,84.17377
18090,53.5339
18091,75.68506
18092,67.87844
18093,68.302124
18094,30.068403
18095,67.64736
18096,77.81742
18097,54.276848
18098,67.95481
18099,63.651882
18100,66.891
18101,77.57469
18102,72.05992
18103,53.033123
18104,64.1066
18105,66.59171
18106,61.101547
18107,42.574333
18108,75.97606
18109,69.52464
18110,77.763435
18111,48.402065
18112,71.39693
18113,89.666626
18114,62.965267
18115,72.156525
18116,48.342194
18117,75.42782
18118,68.71321
18119,60.84661
18120,57.161003
18121,52.450645
18122,55.75756
18123,59.11585
18124,49.249702
18125,55.707912
18126,51.16438
18127,53.829376
18128,58.2312
18129,69.21136
18130,67.669586
18131,61.113434
18132,54.178764
18133,63.205696
18134,72.954926
18135,52.16197
18136,61.586956
18137,52.98517
18138,68.28134
18139,46.532856
18140,59.499252
18141,64.80839
18142,54.03871
18143,68.20287
18144,58.544445
18145,52.780937
18146,81.33078
18147,68.64815
18148,74.92684
18149,65.488
18150,70.549515
18151,57.70776
18152,39.480927
18153,60.13408
18154,95.57904
18155,79.59183
18156,54.567513
18157,54.2216
18158,65.37462
18159,85.749054
18160,75.13538
18161,48.397846
18162,68.89215
18163,80.81807
18164,66.174126
18165,74.62366
18166,43.37013
18167,59.316784
18168,76.15492
18169,90.11923
18170,63.23067
18171,47.27781
18172,77.1797
18173,69.351295
18174,64.44288
18175,73.453674
18176,70.19033
18177,71.23243
18178,88.29999
18179,49.381313
18180,68.41959
18181,34.580185
18182,44.77641
18183,56.99008
18184,61.27584
18185,71.670616
18186,27.688662
18187,65.36275
18188,69.949715
18189,86.13361
18190,61.182007
18191,74.50628
18192,50.266212
18193,71.29583
18194,47.128265
18195,55.550884
18196,72.65105
18197,61.49472
18198,65.35548
18199,55.37918
18200,53.49682
18201,63.292763
18202,69.080025
18203,66.19255
18204,51.556065
18205,47.354588
18206,58.957005
18207,73.352005
18208,58.766975
18209,88.39887
18210,71.307556
18211,63.489433
18212,72.6993
18213,71.34409
18214,60.060535
18215,38.94488
18216,51.61587
18217,83.449326
18218,84.40225
18219,69.81779
18220,85.72413
18221,47.739857
18222,70.776024
18223,60.958626
18224,64.43811
18225,52.857197
18226,52.939537
18227,63.67075
18228,53.242447
18229,48.929756
18230,73.52874
18231,67.74077
18232,68.53386
18233,56.943928
18234,45.515602
18235,61.199097
18236,66.66448
18237,68.764565
18238,79.09771
18239,50.93727
18240,64.88002
18241,54.425358
18242,59.510323
18243,48.490368
18244,35.201862
18245,44.418755
18246,45.66405
18247,70.17894
18248,45.780018
18249,49.987637
18250,76.47057
18251,75.381676
18252,63.61483
18253,68.93488
18254,78.92413
18255,53.453476
18256,71.71115
18257,60.31753
18258,97.74623
18259,79.34684
18260,75.246376
18261,51.114464
18262,62.548542
18263,71.95475
18264,69.73453
18265,59.926632
18266,91.31911
18267,45.253933
18268,69.68912
18269,46.106396
18270,53.5815
18271,76.194374
18272,65.27999
18273,72.86744
18274,72.1781
18275,83.634926
18276,54.70461
18277,42.846645
18278,62.267963
18279,66.08464
18280,53.565125
18281,54.617565
18282,58.74837
18283,53.89097
18284,63.01775
18285,58.55737
18286,63.30632
18287,60.194237
18288,66.46547
18289,44.068222
18290,77.74306
18291,59.874958
18292,78.80877
18293,78.601654
18294,70.56886
18295,57.899345
18296,70.54212
18297,62.90285
18298,67.7707
18299,87.8797
18300,61.490505
18301,65.93443
18302,67.65327
18303,73.83678
18304,53.279137
18305,55.075016
18306,76.05961
18307,64.54736
18308,73.31539
18309,50.967304
18310,49.390472
18311,50.990074
18312,69.959
18313,64.71272
18314,67.428734
18315,69.57328
18316,68.97636
18317,77.85351
18318,87.46764
18319,56.55374
18320,61.63225
18321,68.798515
18322,56.48824
18323,46.810486
18324,66.29814
18325,53.07468
18326,73.70643
18327,41.560997
18328,56.559963
18329,54.057713
18330,81.42845
18331,40.657215
18332,68.32513
18333,63.77278
18334,66.361176
18335,67.55781
18336,58.76054
18337,56.9906
18338,72.397675
18339,67.486946
18340,67.63698
18341,69.50642
18342,66.23999
18343,58.089977
18344,54.20484
18345,85.96984
18346,73.60367
18347,69.76134
18348,43.414444
18349,57.184536
18350,61.19061
18351,67.05393
18352,65.17222
18353,73.595764
18354,65.001495
18355,72.48601
18356,65.74695
18357,80.05518
18358,53.348072
18359,39.120506
18360,62.828815
18361,51.717655
18362,86.13945
18363,52.19892
18364,84.8408
18365,60.36247
18366,56.555065
18367,75.9896
18368,72.31233
18369,75.84677
18370,85.639725
18371,54.545746
18372,46.682507
18373,60.142857
18374,52.778698
18375,58.394405
18376,59.390575
18377,40.22171
18378,83.67749
18379,67.14983
18380,61.032158
18381,52.184055
18382,64.29448
18383,63.431705
18384,43.557446
18385,58.63532
18386,66.86202
18387,81.801865
18388,51.026657
18389,66.573814
18390,63.24297
18391,69.02572
18392,54.910606
18393,72.71819
18394,54.74435
18395,80.99433
18396,72.26118
18397,63.120773
18398,54.82401
18399,76.67282
18400,76.9253
18401,74.037796
18402,70.515945
18403,64.49824
18404,61.114243
18405,81.1758
18406,61.691788
18407,69.75338
18408,64.29861
18409,68.942345
18410,99.30766
18411,66.67325
18412,65.63477
18413,86.368805
18414,75.87169
18415,59.818436
18416,64.19044
18417,75.000885
18418,65.297745
18419,58.84179
18420,61.104076
18421,52.995422
18422,61.35705
18423,51.904034
18424,62.46265
18425,65.66116
18426,73.340775
18427,51.315334
18428,71.38029
18429,62.83997
18430,66.90622
18431,89.68621
18432,67.07942
18433,82.60767
18434,69.43071
18435,96.60814
18436,60.808548
18437,64.17305
18438,60.75036
18439,65.85616
18440,63.676487
18441,63.64647
18442,65.01701
18443,58.12946
18444,47.64726
18445,47.346245
18446,56.57313
18447,55.851315
18448,56.91498
18449,81.561
18450,85.2112
18451,62.577946
18452,63.758354
18453,77.32191
18454,75.881516
18455,45.147186
18456,97.85171
18457,64.28108
18458,52.971985
18459,79.1701
18460,54.37767
18461,53.726704
18462,57.26528
18463,64.69529
18464,55.87221
18465,62.351425
18466,47.55127
18467,62.35564
18468,59.90165
18469,62.253483
18470,74.716225
18471,63.069508
18472,40.926132
18473,59.344715
18474,63.781265
18475,76.99663
18476,61.986977
18477,66.92221
18478,73.59608
18479,68.056885
18480,65.187355
18481,51.0461
18482,53.432934
18483,59.31299
18484,43.030563
18485,49.60644
18486,83.79357
18487,75.78382
18488,50.09449
18489,57.903046
18490,76.10125
18491,50.623608
18492,51.43474
18493,53.145927
18494,53.693142
18495,61.172028
18496,54.21154
18497,52.75328
18498,64.571
18499,72.0776
18500,85.58007
18501,81.05712
18502,66.04522
18503,54.565903
18504,43.363766
18505,77.240135
18506,67.60059
18507,58.538376
18508,65.47632
18509,71.87264
18510,55.48011
18511,70.342026
18512,67.401375
18513,63.555412
18514,71.22719
18515,76.0717
18516,57.16025
18517,53.58596
18518,61.95717
18519,103.499176
18520,59.708965
18521,53.70351
18522,65.28469
18523,84.587296
18524,37.803753
18525,54.120186
18526,74.81699
18527,35.506527
18528,51.705154
18529,55.4152
18530,70.0264
18531,45.57902
18532,92.039925
18533,78.06218
18534,86.82995
18535,60.499027
18536,67.18857
18537,67.033905
18538,63.613544
18539,52.66901
18540,56.197605
18541,63.803867
18542,74.50334
18543,76.103905
18544,56.29997
18545,76.700676
18546,68.627655
18547,85.50622
18548,49.474903
18549,67.31958
18550,54.27304
18551,51.901447
18552,76.835495
18553,49.13048
18554,49.132557
18555,80.53835
18556,73.27203
18557,78.67289
18558,71.558495
18559,78.05088
18560,51.05914
18561,73.75121
18562,56.318733
18563,59.443035
18564,62.97452
18565,41.047184
18566,74.711845
18567,63.038715
18568,65.711136
18569,63.306023
18570,76.108696
18571,55.017963
18572,52.129898
18573,54.62681
18574,70.27913
18575,53.923214
18576,47.067375
18577,51.42415
18578,77.27824
18579,70.65526
18580,59.027233
18581,47.64441
18582,67.71785
18583,74.60817
18584,68.73113
18585,72.53224
18586,62.61781
18587,56.808514
18588,63.93601
18589,50.980537
18590,41.7842
18591,70.13048
18592,51.842503
18593,65.30412
18594,51.94789
18595,77.68695
18596,87.247925
18597,79.02044
18598,52.520634
18599,53.80419
18600,60.55981
18601,77.24629
18602,74.33745
18603,45.18511
18604,74.217896
18605,82.46378
18606,75.08019
18607,57.64834
18608,48.90554
18609,53.668648
18610,69.919716
18611,49.838135
18612,70.51652
18613,48.87503
18614,63.11762
18615,51.718258
18616,69.55687
18617,58.727005
18618,65.67494
18619,78.96495
18620,68.22847
18621,64.27464
18622,60.968586
18623,71.98651
18624,57.023876
18625,59.624054
18626,59.101025
18627,62.89825
18628,70.84013
18629,70.42074
18630,71.929596
18631,61.97797
18632,72.35776
18633,52.49993
18634,72.86153
18635,62.0127
18636,77.64759
18637,71.22928
18638,63.163067
18639,79.6752
18640,59.132053
18641,54.33269
18642,71.0047
18643,57.264923
18644,71.06787
18645,80.645706
18646,68.39339
18647,68.3973
18648,68.78068
18649,88.079185
18650,49.223408
18651,61.513607
18652,62.73484
18653,69.1549
18654,67.15525
18655,60.209404
18656,51.613342
18657,59.132153
18658,67.177795
18659,79.72239
18660,68.74744
18661,71.85309
18662,70.68551
18663,79.96307
18664,63.62139
18665,56.028324
18666,56.037373
18667,76.779
18668,78.63519
18669,85.26634
18670,71.60926
18671,84.07111
18672,63.526806
18673,67.59851
18674,60.635365
18675,49.28604
18676,57.392513
18677,72.0702
18678,62.372154
18679,79.59414
18680,52.42179
18681,71.37311
18682,54.40961
18683,60.344124
18684,54.13625
18685,60.067024
18686,67.30931
18687,80.530594
18688,76.82762
18689,82.487724
18690,54.834736
18691,65.310295
18692,53.00177
18693,68.292465
18694,67.31019
18695,55.159927
18696,58.054985
18697,72.8056
18698,72.84513
18699,64.429695
18700,41.29904
18701,72.55292
18702,81.80014
18703,54.65546
18704,56.687714
18705,67.245186
18706,72.56283
18707,59.464325
18708,46.641796
18709,48.285667
18710,46.69424
18711,55.070755
18712,83.5657
18713,61.55702
18714,88.08116
18715,51.203033
18716,67.12054
18717,82.17916
18718,44.37128
18719,71.47261
18720,40.51646
18721,75.31115
18722,83.53536
18723,93.00922
18724,67.69874
18725,82.17664
18726,82.86219
18727,69.77204
18728,79.59433
18729,62.60471
18730,50.597073
18731,60.88318
18732,92.2667
18733,51.33592
18734,57.096703
18735,47.959534
18736,60.468697
18737,49.742397
18738,56.56202
18739,58.75104
18740,62.552715
18741,72.8203
18742,78.4756
18743,75.803795
18744,85.85351
18745,74.416725
18746,65.66027
18747,74.44503
18748,44.796364
18749,94.79479
18750,63.329388
18751,56.085743
18752,86.608185
18753,56.992092
18754,62.25856
18755,69.58202
18756,60.556217
18757,62.751633
18758,50.403847
18759,89.3329
18760,62.359936
18761,81.79843
18762,62.862633
18763,56.578766
18764,62.33966
18765,68.180244
18766,55.036797
18767,58.59693
18768,60.905174
18769,66.44629
18770,43.625896
18771,64.3899
18772,73.304504
18773,64.59102
18774,63.210194
18775,65.919395
18776,64.33132
18777,68.059074
18778,63.15912
18779,52.642353
18780,47.149326
18781,74.476524
18782,55.82216
18783,82.976364
18784,58.657795
18785,53.873272
18786,76.02652
18787,48.707935
18788,48.570625
18789,62.434723
18790,67.362686
18791,56.29258
18792,51.54325
18793,68.49159
18794,75.2623
18795,67.30994
18796,62.04967
18797,56.646027
18798,72.16667
18799,71.6184
18800,64.740326
18801,36.665382
18802,42.76855
18803,85.299515
18804,63.216484
18805,52.945984
18806,63.659927
18807,50.965504
18808,61.431858
18809,72.7567
18810,53.53519
18811,80.2687
18812,61.901146
18813,80.24794
18814,82.62078
18815,50.36287
18816,64.321144
18817,66.93526
18818,54.27503
18819,58.571827
18820,56.988106
18821,80.15116
18822,64.45632
18823,43.149025
18824,81.79613
18825,63.747986
18826,47.348225
18827,59.475376
18828,56.690758
18829,65.41884
18830,63.497623
18831,76.93174
18832,69.81594
18833,77.669914
18834,59.886745
18835,68.24928
18836,62.333374
18837,67.432465
18838,79.06413
18839,53.389656
18840,62.29612
18841,70.94937
18842,57.39555
18843,53.732895
18844,57.150425
18845,85.83803
18846,37.243465
18847,66.91219
18848,75.410034
18849,56.832657
18850,60.30233
18851,66.79225
18852,79.76001
18853,58.704037
18854,67.09895
18855,60.653713
18856,59.7084
18857,78.19454
18858,69.731255
18859,64.34728
18860,90.82112
18861,72.49917
18862,49.407158
18863,57.755558
18864,66.675026
18865,60.677605
18866,55.364685
18867,62.570576
18868,59.457493
18869,49.998158
18870,92.9725
18871,69.517715
18872,87.83734
18873,45.800808
18874,70.136795
18875,63.887745
18876,71.33886
18877,62.509964
18878,50.56365
18879,56.02349
18880,50.443825
18881,78.10048
18882,42.90338
18883,77.364685
18884,48.49468
18885,77.94036
18886,67.24524
18887,51.493946
18888,58.66264
18889,61.84078
18890,79.71567
18891,46.901863
18892,53.66324
18893,59.7936
18894,75.180405
18895,48.644558
18896,58.871243
18897,75.60469
18898,57.091034
18899,42.7011
18900,60.149467
18901,48.09389
18902,63.515984
18903,48.176617
18904,56.904827
18905,72.02958
18906,89.58084
18907,60.527004
18908,61.368763
18909,78.545616
18910,59.85305
18911,61.081127
18912,80.65346
18913,48.113445
18914,50.977657
18915,58.74616
18916,76.01738
18917,84.48397
18918,83.0072
18919,57.77772
18920,67.07233
18921,75.23432
18922,69.99994
18923,50.4047
18924,64.214386
18925,33.860504
18926,56.016384
18927,84.52062
18928,66.35657
18929,47.141228
18930,59.55208
18931,58.21707
18932,78.00252
18933,71.24852
18934,53.568813
18935,62.443424
18936,74.68123
18937,52.2014
18938,81.78414
18939,77.33917
18940,55.480694
18941,59.960197
18942,64.18316
18943,52.25853
18944,65.6282
18945,53.50515
18946,62.867664
18947,65.42984
18948,40.842445
18949,51.364906
18950,65.110054
18951,77.47188
18952,53.25879
18953,68.48957
18954,57.71767
18955,81.12063
18956,64.78794
18957,65.383934
18958,44.363373
18959,69.29988
18960,63.47607
18961,74.11668
18962,51.80743
18963,45.069233
18964,75.900764
18965,56.270832
18966,55.092625
18967,77.220375
18968,68.425156
18969,65.63853
18970,61.72684
18971,60.489117
18972,62.660442
18973,81.63961
18974,84.093666
18975,77.40354
18976,73.23667
18977,63.907497
18978,76.99563
18979,49.50812
18980,55.085537
18981,51.683933
18982,52.373337
18983,63.48313
18984,51.391613
18985,42.615547
18986,63.817955
18987,65.75231
18988,51.00296
18989,44.828224
18990,54.271103
18991,60.97021
18992,65.34431
18993,78.69456
18994,70.58493
18995,58.82429
18996,47.693684
18997,71.64429
18998,66.50494
18999,68.03986
19000,76.28523
19001,59.7941
19002,63.55935
19003,60.352142
19004,61.614414
19005,60.590027
19006,80.51622
19007,53.7599
19008,70.90848
19009,56.062878
19010,75.013535
19011,57.576355
19012,58.951103
19013,51.29703
19014,51.383408
19015,63.3815
19016,65.699615
19017,58.03194
19018,67.28073
19019,65.44733
19020,63.637066
19021,62.537735
19022,50.56479
19023,50.066647
19024,66.87122
19025,60.562542
19026,74.919304
19027,79.60489
19028,66.92751
19029,53.277714
19030,69.398476
19031,66.56884
19032,54.076954
19033,48.992138
19034,56.456924
19035,68.470276
19036,40.9785
19037,70.043686
19038,51.984795
19039,66.69133
19040,69.197716
19041,48.390675
19042,47.44576
19043,64.34686
19044,76.60831
19045,61.940876
19046,79.45659
19047,63.155304
19048,40.42579
19049,51.756332
19050,48.85941
19051,56.395065
19052,74.352875
19053,66.92198
19054,63.06545
19055,71.03514
19056,83.93819
19057,66.74302
19058,74.58524
19059,61.013027
19060,68.47305
19061,80.61086
19062,56.70949
19063,71.283394
19064,58.803524
19065,77.21533
19066,64.19695
19067,82.675644
19068,36.90788
19069,55.54257
19070,71.29177
19071,74.713196
19072,61.64292
19073,59.336647
19074,55.555855
19075,71.30933
19076,59.278835
19077,88.85274
19078,58.09662
19079,64.61265
19080,54.806664
19081,74.26767
19082,48.163513
19083,58.94414
19084,64.06229
19085,52.39155
19086,71.00874
19087,52.3442
19088,81.69491
19089,68.17514
19090,86.34406
19091,48.32165
19092,51.020878
19093,74.676575
19094,58.090874
19095,58.97796
19096,74.91587
19097,46.577927
19098,62.76214
19099,59.116802
19100,74.77069
19101,54.908554
19102,77.175606
19103,76.96764
19104,48.961838
19105,55.157257
19106,81.56366
19107,74.90209
19108,61.416176
19109,79.02545
19110,61.708218
19111,52.508106
19112,46.32225
19113,62.267433
19114,56.49895
19115,66.755066
19116,58.47071
19117,59.1532
19118,70.87998
19119,74.847244
19120,68.56193
19121,65.35131
19122,54.992622
19123,56.84119
19124,64.299225
19125,57.89839
19126,54.87693
19127,69.6618
19128,52.40156
19129,82.39018
19130,66.778755
19131,80.38877
19132,66.3689
19133,56.869408
19134,65.67476
19135,62.537136
19136,68.06395
19137,57.978085
19138,66.0309
19139,51.002052
19140,72.14697
19141,67.10213
19142,80.08702
19143,94.725784
19144,51.484707
19145,63.54802
19146,53.585915
19147,71.79598
19148,69.107704
19149,60.465076
19150,79.81975
19151,71.89188
19152,63.845898
19153,50.071346
19154,75.58577
19155,58.628292
19156,72.31758
19157,78.25564
19158,62.966625
19159,72.10024
19160,62.43381
19161,69.77557
19162,51.54667
19163,75.32427
19164,55.273643
19165,57.310635
19166,69.960464
19167,91.14673
19168,86.72433
19169,59.972668
19170,61.101044
19171,59.53549
19172,75.23977
19173,70.708786
19174,62.702515
19175,68.325294
19176,80.40119
19177,74.73531
19178,51.737164
19179,76.55012
19180,62.59256
19181,73.23633
19182,65.24201
19183,59.38822
19184,55.064022
19185,55.19381
19186,67.38965
19187,79.54201
19188,74.78519
19189,59.779438
19190,96.707726
19191,78.46521
19192,57.031662
19193,58.965275
19194,47.5587
19195,67.13184
19196,75.21735
19197,33.825996
19198,52.16139
19199,76.630455
19200,66.7843
19201,61.81296
19202,50.370922
19203,60.163563
19204,81.34269
19205,59.969616
19206,56.894043
19207,75.38616
19208,52.26481
19209,42.48099
19210,48.442734
19211,59.85281
19212,60.875233
19213,63.554607
19214,82.77294
19215,61.717354
19216,63.44171
19217,66.36123
19218,59.059395
19219,46.56779
19220,72.46238
19221,78.723465
19222,60.78685
19223,56.932774
19224,61.58401
19225,75.747734
19226,48.26955
19227,58.62623
19228,66.44847
19229,59.437786
19230,68.66762
19231,71.96679
19232,62.47079
19233,51.627174
19234,67.257095
19235,81.13703
19236,77.65146
19237,70.41608
19238,47.366074
19239,75.51354
19240,55.724964
19241,60.97895
19242,69.37345
19243,72.91136
19244,62.19802
19245,48.392685
19246,58.698
19247,76.09914
19248,64.133224
19249,82.85512
19250,55.2896
19251,46.50369
19252,59.471184
19253,64.379715
19254,58.865917
19255,56.20596
19256,73.17857
19257,53.871574
19258,62.050537
19259,66.76667
19260,48.812855
19261,81.027534
19262,55.60449
19263,61.563606
19264,71.36209
19265,67.09951
19266,74.92919
19267,56.80375
19268,72.106384
19269,57.678635
19270,63.842926
19271,65.45608
19272,64.78751
19273,80.30107
19274,75.63257
19275,54.946915
19276,88.712204
19277,81.67484
19278,58.31149
19279,54.468273
19280,42.423496
19281,78.28473
19282,66.48817
19283,61.4184
19284,73.90815
19285,96.696205
19286,68.9849
19287,65.75791
19288,60.473618
19289,84.94247
19290,55.52226
19291,55.2365
19292,62.946815
19293,65.20655
19294,41.749187
19295,63.367706
19296,80.42004
19297,52.278435
19298,63.80272
19299,87.03593
19300,75.56908
19301,79.5802
19302,64.88705
19303,50.234856
19304,61.59252
19305,58.29218
19306,73.10467
19307,63.73617
19308,73.36207
19309,35.4855
19310,60.09994
19311,80.39157
19312,60.681744
19313,57.135708
19314,60.341324
19315,70.87673
19316,63.886124
19317,72.91418
19318,68.89193
19319,76.43444
19320,68.33717
19321,52.707108
19322,71.18344
19323,44.038994
19324,81.62804
19325,60.365257
19326,71.78457
19327,71.862404
19328,47.037395
19329,71.258804
19330,69.56039
19331,60.843777
19332,75.882195
19333,77.2761
19334,63.792896
19335,79.617676
19336,68.63677
19337,85.51874
19338,71.78141
19339,50.448124
19340,67.57435
19341,71.191315
19342,57.815357
19343,53.006527
19344,62.503723
19345,75.94779
19346,57.25362
19347,49.016068
19348,59.74978
19349,73.26172
19350,56.471054
19351,63.453022
19352,76.34827
19353,77.87136
19354,73.41639
19355,43.807632
19356,75.343445
19357,50.787266
19358,75.42012
19359,55.961464
19360,57.821243
19361,66.83335
19362,75.80922
19363,72.33138
19364,75.946556
19365,62.825386
19366,44.832916
19367,65.71776
19368,68.76304
19369,63.24609
19370,77.28138
19371,95.11784
19372,74.63988
19373,63.079292
19374,79.183784
19375,62.554146
19376,44.62681
19377,54.92445
19378,53.6004
19379,65.06681
19380,74.208374
19381,69.9395
19382,62.16349
19383,75.32732
19384,58.624287
19385,77.69358
19386,71.772644
19387,70.19059
19388,63.379574
19389,49.15862
19390,82.002235
19391,59.52103
19392,60.05647
19393,96.58397
19394,53.673267
19395,45.211765
19396,64.11176
19397,73.37628
19398,87.24445
19399,60.332825
19400,60.300148
19401,63.045147
19402,52.139526
19403,59.716915
19404,61.301003
19405,41.328136
19406,58.75595
19407,60.06027
19408,42.76532
19409,67.0794
19410,59.579376
19411,52.508682
19412,50.79847
19413,90.0657
19414,62.28948
19415,71.51739
19416,69.1817
19417,57.07962
19418,71.39017
19419,87.455215
19420,54.515152
19421,63.14834
19422,48.938145
19423,65.543175
19424,76.36045
19425,68.98689
19426,49.63555
19427,92.46702
19428,96.55678
19429,54.813057
19430,56.238487
19431,83.70789
19432,59.46906
19433,50.53496
19434,43.183228
19435,67.489006
19436,69.55942
19437,78.12023
19438,63.916565
19439,86.60896
19440,66.47628
19441,65.02529
19442,65.78049
19443,52.9175
19444,61.889996
19445,57.110012
19446,59.295757
19447,74.525764
19448,81.29421
19449,55.20157
19450,72.15675
19451,75.4385
19452,62.31241
19453,71.76511
19454,63.00893
19455,60.57576
19456,81.79164
19457,64.69176
19458,85.12173
19459,73.980064
19460,80.226494
19461,52.842308
19462,61.695103
19463,46.3812
19464,81.78379
19465,48.652096
19466,75.88838
19467,49.822845
19468,71.47632
19469,76.933334
19470,81.43357
19471,70.21817
19472,64.60702
19473,58.53721
19474,69.95761
19475,48.189327
19476,70.50166
19477,57.056477
19478,54.770557
19479,62.535168
19480,59.83189
19481,79.50558
19482,47.952286
19483,68.32306
19484,69.292206
19485,65.52889
19486,75.26995
19487,61.412792
19488,55.749355
19489,74.73585
19490,77.96278
19491,54.001637
19492,77.02992
19493,38.503345
19494,62.88139
19495,56.60571
19496,58.01714
19497,71.56744
19498,63.12474
19499,67.55169
19500,79.26964
19501,81.01356
19502,58.141754
19503,64.36171
19504,63.919937
19505,41.403114
19506,62.12571
19507,60.323883
19508,78.20482
19509,49.976223
19510,83.07399
19511,96.25879
19512,65.586136
19513,64.59877
19514,66.87271
19515,70.732
19516,79.9123
19517,55.003044
19518,61.008186
19519,62.973858
19520,60.495255
19521,54.97707
19522,78.22005
19523,50.129692
19524,84.017426
19525,66.63488
19526,78.674965
19527,67.31122
19528,75.41929
19529,64.16035
19530,74.467125
19531,52.691086
19532,88.62314
19533,61.421803
19534,40.080536
19535,73.648605
19536,60.484352
19537,68.65
19538,57.110096
19539,51.5108
19540,74.87213
19541,57.921837
19542,61.852642
19543,56.014282
19544,73.16132
19545,69.5847
19546,68.260765
19547,93.765175
19548,57.458397
19549,77.34462
19550,64.813866
19551,56.09813
19552,72.50103
19553,55.871708
19554,57.42253
19555,69.995834
19556,72.95118
19557,36.155132
19558,68.26142
19559,65.39071
19560,71.55278
19561,51.851242
19562,71.20961
19563,69.76633
19564,82.490074
19565,78.7872
19566,65.34382
19567,59.520504
19568,92.550766
19569,65.56025
19570,74.957825
19571,62.005386
19572,64.78387
19573,49.066277
19574,68.639565
19575,68.87215
19576,89.971855
19577,58.968327
19578,74.821205
19579,76.71909
19580,82.03855
19581,48.68007
19582,79.24133
19583,44.720963
19584,47.956642
19585,74.79589
19586,69.446365
19587,56.065742
19588,73.73344
19589,61.836548
19590,68.33144
19591,70.22392
19592,60.617165
19593,57.16322
19594,58.27993
19595,62.05207
19596,91.2163
19597,53.752914
19598,74.20936
19599,70.90814
19600,63.995724
19601,61.08081
19602,64.33358
19603,73.67516
19604,68.1289
19605,50.905018
19606,53.203865
19607,71.592606
19608,72.56361
19609,71.79626
19610,60.95779
19611,76.414665
19612,78.17178
19613,69.42835
19614,74.9823
19615,83.83397
19616,59.75633
19617,95.616455
19618,43.378456
19619,61.81492
19620,85.97002
19621,76.11192
19622,58.553417
19623,52.680862
19624,62.576324
19625,54.031685
19626,59.669308
19627,55.337696
19628,69.797615
19629,67.71416
19630,60.530296
19631,42.463634
19632,58.16606
19633,48.166794
19634,54.08842
19635,63.154423
